CustomerID,SubscriptionLength,LastLogin,SupportTickets,PaymentHistory,Age,Gender,Churn
e3e70682-c209-4cac-a29f-6fbed82c07cd,55,2023-04-08,6,late,20,Female,1
82e2e662-f728-44fa-8248-5e3a0a5d2f34,26,2023-05-29,4,late,40,Male,0
d4713d60-c8a7-4639-ab11-67b367a9c378,19,2023-01-07,2,on-time,57,Female,0
9558867f-5ba9-4faf-ba02-4204f7c1bd87,20,2024-04-08,1,delayed,22,Female,1
23a7711a-8133-4876-b7eb-dcd9e87a1613,36,2022-12-21,1,late,45,Female,0
9e4d6e3c-1846-4424-817c-627923c6612f,36,2024-01-27,7,late,51,Female,0
88561712-e8e5-416a-bcbd-04c340212ef7,52,2023-11-15,8,on-time,23,Female,0
259f4329-e6f4-490b-9a16-4106cf6a659e,40,2023-01-12,7,late,33,Female,0
e61a441c-12e0-48b2-bad6-40fb19488dec,13,2024-03-07,9,on-time,33,Male,1
8f4ff31e-78de-4857-9487-ce1eaf19922a,6,2022-08-03,1,late,50,Female,0
9c6316b9-50f2-4455-af25-e2a25a921187,20,2023-09-26,8,late,63,Male,1
8d723104-f773-43c1-b458-a748e9bb17bc,53,2023-05-22,8,on-time,69,Female,1
42af9fc3-8577-4e9a-9d84-f39e71545a13,6,2022-07-04,9,late,38,Male,1
ea7e9d49-8c77-4ea6-ab20-83e6ce164dba,12,2022-05-27,3,on-time,20,Female,1
66194cb1-d710-47d1-b83e-90ec17e0aa3c,5,2023-11-19,1,delayed,66,Male,0
a0116be5-ab0c-4681-88f8-e3d0d3290a4c,60,2022-05-17,0,on-time,62,Female,1
de1b372a-d3fb-447a-be5b-1e7f9ca5499d,34,2023-01-30,3,on-time,61,Female,1
b421eaeb-5340-47ca-baf3-897a3e70f16a,29,2024-03-23,7,delayed,59,Female,0
9148624f-eac1-414f-b0e9-c5cc101fbccc,21,2022-11-05,9,on-time,49,Female,0
247a8333-f7b0-47d2-8da8-056c3d15eef7,16,2024-01-30,0,delayed,35,Male,0
149818d1-1759-4dc3-b2ae-22448b0163c1,24,2023-01-20,2,late,45,Male,0
eece328b-ff7b-418e-8208-65d6e005b860,51,2023-06-01,2,delayed,32,Male,0
4a84eb03-8d1f-49b7-8d2b-9deb1beb3711,2,2023-11-16,1,delayed,30,Male,1
d080e66e-552f-433a-8c25-166a1ff39849,6,2024-05-02,5,on-time,20,Male,0
cca74147-f6be-4f72-b405-095c8a5006c1,12,2023-08-28,1,late,31,Male,0
71eacd05-49a3-480e-966e-12778c1745a7,35,2022-07-27,6,delayed,24,Female,0
5129fb7c-6288-41a5-8c45-782198a6416d,15,2023-08-07,1,delayed,37,Female,1
307bf326-2f12-4554-8a53-08cc3dfabc08,12,2024-02-14,0,delayed,47,Male,0
fb3675b8-9cde-43e6-8870-e15c2fcd81b5,45,2023-10-09,6,on-time,34,Female,1
16febaa0-11af-423d-b9fd-ef7c42930b33,54,2023-10-26,9,on-time,62,Male,0
2648ee38-e074-45eb-a156-63abc1f254b8,51,2024-05-03,10,on-time,28,Female,1
e5eeac76-148b-4758-97ab-792809e469e6,8,2023-11-11,9,late,60,Male,0
aef9c00b-8a64-41b9-9450-fe4aec4f217b,31,2023-03-16,10,late,54,Female,1
468ff53d-864a-4a50-b48d-73f1d67e55fd,25,2023-06-26,10,late,27,Male,1
37176e84-d977-4993-bc49-d76fcfc6e625,48,2024-04-11,1,late,65,Male,1
f323ca74-d344-4490-96fd-35d0adf20806,9,2023-04-07,3,late,40,Female,1
7e1ea9c5-7358-4a81-8674-37419466e472,38,2023-10-11,10,delayed,26,Female,1
eabca8d0-b341-4acd-bf0a-c0f1a425799a,48,2024-01-23,6,delayed,23,Male,0
9cdf5a86-5306-43f5-9516-65705b7c709a,45,2022-08-14,5,on-time,33,Male,1
55d44936-a151-4607-964a-870c7c879b74,25,2024-03-03,10,delayed,44,Male,1
bb42e0b2-0426-465e-be37-952d30bcab0e,56,2022-12-13,9,late,67,Male,0
5f3f5638-3870-4a14-b490-b6081dfc8352,29,2024-01-24,1,late,62,Male,1
d0dfae43-6d16-4e18-9521-16dd2ba4b180,34,2022-07-04,7,delayed,56,Male,0
daf66c5f-2577-4ffa-887a-746319c16a0d,32,2023-11-09,5,late,47,Male,1
92e8e269-d12e-4bc4-8b94-75b138018b47,13,2023-09-21,8,delayed,23,Male,0
9a27d858-88c1-42ad-afbf-c19ee8f6cf32,26,2023-10-27,10,late,38,Male,0
a28f5ab0-1fdb-4b32-86d5-99e812f175ff,1,2022-10-10,0,delayed,51,Male,0
1ea45cd6-9371-471f-9480-865f9b38fe80,8,2023-03-16,9,delayed,30,Female,1
fb0323a1-d576-4415-9ec1-7dbe176ea1b1,45,2022-08-15,2,on-time,48,Female,0
31d0b664-0589-4877-9b02-52440950fd13,2,2022-10-07,4,late,69,Male,1
35e8579a-7aaf-4e89-9fb7-97fab7d6467b,9,2023-12-02,10,delayed,70,Female,0
ade9b2b4-efdd-45f8-8fa3-4266ccfdba9b,56,2022-06-03,2,late,19,Male,0
19fbeb1d-9edf-43da-acf5-5b158b53031d,14,2024-02-25,10,late,53,Female,1
126cbc8f-3888-4479-91eb-cd49428a1c22,37,2023-10-01,0,delayed,62,Female,1
2e295065-6fa2-41e9-99ac-dd984d125e7f,41,2022-07-03,6,late,52,Male,0
98b33c6e-0a14-490a-b795-e98680ee526e,25,2022-08-03,9,late,18,Male,0
3308fb2e-642a-4d48-bcfc-fa81b306d700,18,2022-12-05,5,late,68,Female,0
78601602-bb4a-46cb-a786-ab375bca47be,22,2024-02-27,9,on-time,20,Female,0
2b5f6932-91dc-49ef-ab21-a3f6e6fd68e8,10,2023-11-09,9,late,41,Female,0
c470f0e7-f76f-4fb8-b412-fc12ac322c12,19,2022-07-01,1,late,64,Male,0
d86dbf11-2880-4c5d-ad1b-8f60c9e4dab2,20,2022-09-19,2,delayed,64,Male,1
1e01a934-402d-4baf-878b-9f6b57a1cb71,26,2023-08-23,5,late,44,Male,0
2cc0f859-aa65-44ab-b13b-7e05ebe21368,36,2022-05-27,7,late,39,Female,0
e66cd36e-68ef-4f5f-ae68-690a78bc7175,31,2023-08-02,1,delayed,49,Female,0
4fbaecc0-eae2-425e-8233-9e23dff3334b,20,2023-10-03,5,delayed,61,Male,0
a859890c-d670-4668-a37e-0edc5b6e4ae7,41,2022-11-27,9,late,69,Male,0
032f06ca-b0d9-42aa-8f83-7ef727460f22,52,2023-05-07,1,on-time,65,Male,0
bd30291a-55fe-408e-943e-2e04bdd7d19b,25,2022-06-21,0,on-time,43,Female,1
3d792fa1-2284-47a4-87e7-f5938b5885ca,59,2023-12-29,7,delayed,63,Male,1
9c31d9b2-5a2b-445b-bb59-051bf40048d7,6,2022-12-26,5,on-time,34,Male,1
f2686baa-971c-402d-9bf4-9c04ac642b4c,13,2024-04-08,5,on-time,22,Male,1
21e15094-9efe-4464-9a90-f534a23d4c9d,49,2023-11-23,10,on-time,25,Female,1
6a174c1c-bf9c-4545-a355-18f74f6fa985,17,2024-02-19,3,delayed,20,Male,0
98363189-0063-442f-94aa-451ca69cfb85,7,2022-10-13,3,late,42,Female,0
3d4a5d51-28fa-4d04-959b-5975b2d650af,7,2022-11-06,9,late,27,Female,1
b5d97ef7-60ef-4471-b2b8-ff39a32c9b6f,57,2024-03-26,8,late,61,Female,1
6a1689ad-dfe1-4307-9172-5f0aac7c8803,32,2022-06-10,10,delayed,30,Male,0
9145de05-b3ab-4b2c-9f26-f51766faf989,22,2023-04-06,5,late,20,Male,1
0bf9c0ef-b581-4b74-a985-ab61c5adf681,39,2022-09-22,2,late,55,Female,1
b3969057-425c-4200-905a-da6b720299e3,5,2022-09-16,1,delayed,20,Male,0
7cbd7025-e28b-49ff-870f-084c7244f536,9,2024-04-21,0,late,18,Female,1
0004884c-c167-433f-9a9e-43108fb83bab,56,2024-04-02,2,on-time,59,Female,1
4fe30c9a-5371-4f57-be9c-f84f09f6048f,33,2024-02-26,6,delayed,50,Male,0
d29dc5df-cf1d-4110-8cc3-6d8c77863fe5,44,2024-03-26,8,delayed,22,Female,0
3020da5c-6a46-421a-8ffa-6cddf963a7ef,19,2023-07-17,8,delayed,44,Female,1
fa83ada4-a212-4ac5-b689-a4a5ffda0336,39,2022-07-20,9,on-time,69,Male,0
fca05536-2169-4f82-b9bd-ee2dd663049d,48,2022-05-28,2,late,50,Female,1
6ae04d52-adb3-48cb-b315-8c0c66dd7794,5,2023-01-17,7,late,70,Female,1
b7a28e0a-03a8-4879-b6a9-8d7400de59f5,25,2023-12-24,6,on-time,28,Male,0
acfebb4b-d29e-4693-baf1-501b009a815b,19,2023-07-01,5,on-time,20,Female,1
1e707c52-30c1-4b6a-9908-65159cb017c1,10,2023-09-01,7,delayed,63,Male,0
4d6b234f-dfa7-46ed-b2d1-f81ba636425c,52,2022-12-20,5,late,20,Female,1
19a5711b-2ea6-4b99-ba7f-f8bfb044284a,30,2023-05-21,0,on-time,48,Male,0
a0acf4c9-658d-417e-ac3a-a314da9bb017,3,2022-07-19,9,delayed,26,Female,0
73f660d8-e9f4-4cc0-8653-a5600597aab6,45,2024-01-28,8,delayed,40,Male,1
41a93f90-dc82-4527-9da3-b7e2cad6e514,51,2022-08-28,7,on-time,21,Female,1
a699bae0-d138-4150-8557-716aa7502a81,42,2023-09-29,1,delayed,63,Female,0
27896389-df32-47fd-9d77-ce4058d87776,59,2022-12-19,6,late,65,Male,0
0a68e88e-0ad4-4415-84c1-4982d9ead926,3,2022-10-23,6,late,41,Male,1
50910bdc-8ef0-46d4-8279-b14dae55cdff,23,2023-02-25,10,on-time,20,Male,1
d974c146-e8ec-41b3-9145-91aef03d866a,17,2022-06-18,0,delayed,60,Male,0
b38a05fb-f611-44ce-bfc7-4ca9d8ab0b30,6,2023-08-31,10,delayed,62,Female,1
a4e695c9-b65d-4226-be96-9cf3a7c5cb87,8,2024-04-17,2,late,54,Female,0
5f58d5b5-6f79-4959-a3e0-4b3b756b0715,60,2024-03-23,1,late,22,Male,1
6025f0ae-3535-4579-ada4-4da189b5b368,50,2023-08-16,2,delayed,19,Female,1
26a97465-2371-4a2c-8247-145f4a814d53,44,2022-12-13,6,on-time,49,Female,1
5e00ea6d-ca24-4e4d-9667-2017555a4085,6,2023-11-26,5,on-time,25,Female,0
9edb95f2-c787-4dfb-9697-f17c17fd3736,23,2022-06-13,5,on-time,18,Male,1
2640211e-29f2-43c7-8505-f4f60a8c46c7,5,2023-08-13,9,on-time,31,Male,0
fd42f697-6511-4656-9c64-60364a1eb1b7,43,2023-07-17,10,delayed,25,Male,1
7a62722e-1d69-49fc-8b1c-b8bd2130260c,24,2023-12-05,0,delayed,32,Male,0
4ed13553-0c5a-476f-af0a-81ed3d5d60bc,30,2022-10-03,1,late,40,Female,0
122411e6-ba89-42dd-85e6-9ea9db66bfda,2,2023-01-07,3,late,39,Female,1
4c9a0ae1-5419-4efc-95e7-3e3f673617d9,19,2023-04-04,8,delayed,38,Male,0
e89dc815-8f92-4dc5-9972-4ce31bd09448,7,2023-05-25,8,delayed,37,Male,1
cc417e7c-d741-4609-964a-e90979585e69,58,2024-02-06,2,on-time,69,Male,1
1db2b452-7aa5-4a18-9fd3-c01757f98d1e,33,2023-11-11,3,on-time,66,Male,1
4d4985dc-09ae-4bd0-ad31-6b4a7f6b8793,24,2023-02-01,6,delayed,20,Male,0
27d99a23-e4f7-425e-afe6-790abc18a40b,26,2024-04-30,1,delayed,22,Male,1
60257199-9082-4eda-a072-2aa02aa36cf7,20,2024-02-02,8,late,65,Male,1
16408169-a38d-4afc-bdd2-ed7af97ccc57,20,2022-07-07,10,late,23,Male,1
bff773ce-32b2-4492-95ac-e7a1ceca2ee3,41,2022-11-04,5,delayed,51,Male,1
191b8adf-0202-461c-a283-08690fa7ee05,27,2023-03-18,0,late,64,Female,1
72d3cc5d-4a31-4243-84dd-6da68e751eb7,14,2024-04-30,5,late,48,Male,0
b6e355f6-95bb-440d-89cd-4af97d161f29,51,2023-10-26,1,late,25,Male,1
5e4af862-156a-4458-ac4c-3935379deda1,60,2022-11-03,6,on-time,67,Female,1
95d18051-42cb-4d1d-bfc5-73d5fd0ba70e,12,2024-01-10,3,late,39,Male,1
5bc7fdeb-3123-4efe-ae64-80432aa50f4e,30,2022-08-14,10,delayed,23,Female,0
da54f267-dd13-4266-926d-53961058fe8c,19,2023-11-13,0,delayed,46,Female,0
739cd488-869b-4bd2-a72b-b5b707120911,14,2023-12-22,4,on-time,67,Female,0
7f411fed-1e70-4799-b3a1-d1c2ad4ab155,28,2023-03-22,7,on-time,61,Female,0
0ac728b4-a418-45bf-b50d-278d41a8a6e1,35,2024-01-26,6,late,58,Male,0
1ac902ee-2577-4cf0-9f98-21883744da64,18,2022-10-17,10,on-time,18,Female,1
8be04c3e-5c94-4381-a0c6-b3ed755a3ac1,34,2024-02-18,9,delayed,43,Female,0
98a33736-fd1a-47ce-9ad0-a6f226bdd974,48,2023-05-30,4,late,36,Male,0
a36bcb01-67e9-4363-905c-053b25fdacbe,3,2023-10-27,1,late,37,Female,0
7ed2ec2f-856f-4d95-a0ae-1a1b6c596216,34,2023-10-26,3,on-time,22,Female,1
d5627386-528c-4241-a345-ac72eac39204,19,2023-06-08,8,on-time,54,Male,0
ab899605-a293-4b3b-bfa7-4d8aff88ec82,27,2024-03-26,10,delayed,43,Female,1
ee6a8e2f-9c19-4d34-8af5-890333b5b3ce,29,2022-11-02,5,delayed,58,Male,0
f66ac168-b4a1-4a79-9718-ada2027c013f,8,2023-12-18,1,late,43,Female,0
52631db9-d170-44ce-9179-7350e6256403,36,2022-06-13,10,late,40,Female,1
41c30359-dfde-4281-a5fb-5f3d866d7002,14,2023-08-28,7,late,62,Female,1
61067a8c-d7a3-483c-a7e9-69e2c8bf23fb,42,2023-08-12,0,late,37,Male,1
ce9b2e70-b4d4-4fcc-b7d7-79cc4b5ca436,4,2023-05-17,9,on-time,19,Female,1
843b2a7d-15ab-4c21-8cc9-3ff710fce97d,26,2024-03-21,0,delayed,22,Male,1
399f8a8f-10fc-4eee-8a17-27f7ea5f24b6,1,2022-08-26,5,on-time,25,Male,1
c2472fd6-03e9-4a02-8cea-2df00a66dc4e,56,2024-03-02,10,delayed,36,Male,0
2922fbd8-dca5-4353-94a1-d50572d6bc20,49,2024-01-28,9,late,30,Male,1
75f2bc20-a7f5-495c-9e62-d43f261908b9,30,2023-03-01,5,late,28,Female,1
87a1798f-e6ad-4d9e-a1d9-fe398147a8f4,42,2023-06-11,10,late,27,Female,0
adb6da35-1734-426c-92e9-4e89089b30a0,34,2024-01-23,5,on-time,31,Male,1
99a2ecb1-c202-487b-849b-8a44ce1bb02a,23,2022-07-15,6,late,69,Female,1
c12ea9b8-e7e1-4ed8-ad26-5dd8bf391fbb,47,2022-10-24,3,on-time,46,Male,0
993ec8c6-e6b1-46e2-8911-0af04a276dda,58,2023-04-06,6,on-time,32,Male,0
d872298c-7b72-490b-b8f8-f071d360da69,24,2024-01-21,0,delayed,58,Male,0
961d8dcf-9b80-46da-a379-4035f8e45086,40,2022-11-14,4,delayed,23,Female,1
053e4b42-cc4d-4021-9d62-0222d9efe28b,27,2023-10-09,7,on-time,58,Female,1
2e9583ea-bda1-4da2-800f-c63de2a01335,32,2023-01-06,4,delayed,48,Male,1
552ae5ca-4124-405b-91fc-fe8881c16e98,18,2022-07-06,0,on-time,21,Male,1
f164f9d8-4312-4ce2-9c21-51e17e56ac3d,1,2024-02-16,4,delayed,18,Male,0
62584ab3-6877-4bab-85c1-42624d849ec5,51,2024-02-05,6,delayed,32,Female,0
a417956f-29ee-4f3d-8ff0-30b86238d0a0,30,2024-05-12,3,late,56,Male,0
babd4745-497e-4f1a-bd2b-f042209818d1,51,2024-02-20,5,late,52,Female,1
0932f5b6-f11d-4ff7-8e37-05265582a3bd,17,2023-05-25,0,delayed,20,Male,1
e3d48408-7de8-4234-a412-579d6af944e0,6,2024-03-17,3,delayed,40,Male,0
ac6d5df8-14e5-464c-b799-ae8e9a1a7d6f,17,2023-11-10,10,delayed,65,Female,1
5a4f4145-fc98-4279-8f6f-111c26c06e67,34,2023-04-01,6,late,48,Female,0
62fda854-775e-4ec3-9c9d-03f309018aee,3,2023-05-08,4,delayed,22,Male,1
c734bb05-788c-41f6-99fa-a06e0c0a5967,32,2022-09-11,7,on-time,69,Female,1
9e0df45b-992a-44a1-884f-a819052daad3,30,2022-08-28,7,on-time,23,Male,0
b3386c3e-1af4-487f-92eb-dac5a1457899,7,2023-07-17,2,late,31,Female,0
62276cbc-31e9-4a80-98bf-3b9ea6245b59,53,2024-01-15,6,delayed,66,Female,0
1c6a4b5e-7d85-4725-8707-aef9c6c3744c,12,2024-03-31,3,late,32,Male,1
7799a8e2-b368-4553-9c30-ceaa0f66b32d,60,2023-09-06,5,late,45,Male,1
a6855857-567e-4862-af15-1673a1df3da7,40,2022-08-21,8,on-time,63,Female,1
9f3dd894-b6af-48b2-aeba-42d0f8303249,33,2023-01-02,9,late,52,Female,1
f55e3aa2-208a-493e-9960-af85c9df7e44,15,2024-04-24,0,on-time,57,Male,0
eab9221b-4b36-4545-8ca1-a034633cbf79,47,2023-12-17,6,on-time,31,Female,0
fbbff9e0-ae56-402a-b521-ca9fdf5e6f78,48,2024-02-05,8,delayed,45,Male,0
c915d113-dc45-488d-84dd-a9b91f1e0ee9,25,2022-10-10,10,late,25,Female,0
71cff814-645b-4776-8838-a14509c67417,44,2023-03-01,8,delayed,36,Male,0
5b471c43-7499-428c-b0c3-2323c1b199c4,5,2024-01-20,8,late,61,Female,0
0b6d9611-f4dd-45d5-9349-747aa1cba182,24,2024-04-16,10,late,36,Male,0
4160ff92-7c75-40f2-8a3c-2c6fef2d9a38,52,2024-04-15,0,delayed,50,Female,1
aaa07996-8522-4c4e-b1dd-50bf06d2ed7c,38,2023-08-02,10,on-time,69,Male,1
3acaaf82-374a-4cc9-a039-7e67926146de,10,2022-07-28,2,delayed,22,Male,0
e38690e7-e27a-48e9-91c3-d1bcc6be6432,51,2023-09-16,7,delayed,67,Male,0
8611f583-b2d1-4e3d-809e-2109c7867a38,47,2023-04-08,2,on-time,66,Female,1
1d0ab994-f20b-475d-8e28-e67481d1bf06,39,2022-09-07,9,on-time,58,Female,0
6c0be55c-90e6-49e1-a44f-c3a96d0c62c3,40,2024-05-02,0,delayed,56,Female,1
6a677623-1ad1-4aaa-af8d-9ff015831fee,30,2022-07-04,4,on-time,32,Male,1
27f9e728-c618-4c1e-aa48-05421965e435,52,2023-12-08,7,delayed,38,Male,1
725c2675-ca95-41e4-87dc-02b1f45da406,9,2023-04-16,9,late,63,Male,1
7f22cd12-07b6-408e-aac1-ca75afb918c8,51,2024-04-30,4,late,21,Male,0
b8f8903b-5312-4ffd-b655-860bdd32e231,21,2022-11-29,3,late,46,Male,1
1f12a0e9-1201-4caa-9a3d-a367141b1a1b,23,2023-02-20,10,on-time,37,Male,1
590e83da-586f-4721-8785-48d7b1182d23,37,2022-10-02,8,on-time,64,Male,1
3b019fcb-f96d-4403-948c-93f3028d042b,2,2024-02-12,7,delayed,21,Male,0
e4b82987-98ba-4f0e-920d-71265da53b38,3,2022-09-05,0,on-time,59,Female,0
a8b56f85-346d-4b7e-80d3-d1af353e0c86,53,2023-10-22,0,late,60,Female,0
1f8941b6-e6a1-440b-b031-f4b9bb6b0095,58,2023-12-18,3,late,45,Male,1
b080e003-5e7f-403c-8b13-47f601d6d903,20,2022-06-05,2,delayed,39,Female,1
dbf2eed1-3b9c-4a95-9ad7-558feecb325b,1,2022-09-04,6,late,52,Female,0
7a089ca8-1cc5-48a0-b43c-7e9d2fdeb035,37,2023-02-08,1,late,42,Male,0
215203c7-421a-415e-b58c-43ceb51d70d8,33,2022-06-07,2,delayed,60,Male,0
55c36c3d-5cbb-4080-b547-5c5ef76dce6e,22,2023-05-19,3,on-time,33,Male,0
efe78b60-4bdd-4f99-8ae9-ee11f5fe0213,48,2024-03-29,10,delayed,28,Male,1
53b53b92-a2cb-4f38-8d9e-cfb9f5492e22,60,2022-10-06,9,on-time,57,Female,0
1a42b629-14af-4646-be32-16bd97d01e70,40,2023-07-05,9,on-time,34,Female,1
606821d6-280a-47ee-8ec9-85ff94b28b9d,2,2024-04-13,10,on-time,49,Male,1
cdec85da-200f-4753-b217-faac259cff81,19,2022-11-06,10,on-time,47,Male,1
3c9590d3-3e2a-4d3e-8222-134550de4292,11,2023-12-24,6,late,35,Female,1
6b770df1-5f59-4a2c-8a82-e06a2f16fb50,1,2023-10-14,4,delayed,36,Female,0
99e8c828-21da-432c-9c68-d4fd0bd7696f,50,2022-06-01,8,delayed,53,Female,0
12bdf75f-b3c1-41c3-93f2-a37c64d02759,30,2022-08-27,6,delayed,25,Female,1
6ab01563-8cff-4bb1-8ca4-9aaf6b944e09,32,2023-12-13,0,on-time,35,Male,1
6c148fc6-9750-4a7e-a46c-b09ced28508d,44,2023-01-03,10,delayed,62,Female,0
3f80c31f-15a5-412c-9ac4-b6c7a31034dd,49,2023-04-27,8,delayed,39,Female,1
f2ed33e1-a315-4940-9e87-905aa1fdcdf1,14,2023-07-02,1,delayed,39,Male,1
02284fd9-689b-4a65-a05d-d4d60ecfb95b,11,2023-04-06,2,late,65,Male,0
52177eb7-e6b9-40da-ba6a-098ff642c8f3,37,2023-04-24,2,late,41,Female,1
f3cc9d8a-4b16-48e4-9f20-f4063438b4e4,21,2023-05-17,7,late,56,Female,0
cbe88a3f-2f7a-404f-b344-c911174f7a54,1,2022-08-09,2,delayed,20,Female,0
9b050db2-8ee4-4d02-9cb6-6f6746e785ad,22,2023-11-02,0,delayed,48,Female,0
7237d420-b3dd-47e1-8bb0-2fe927649a62,5,2024-05-07,8,late,35,Male,0
6bf4d047-c484-4a8d-af75-1bde66163e5b,5,2023-04-17,10,delayed,28,Male,1
74151acc-f5a3-4893-bf7a-27482cbb93c2,49,2023-02-05,6,late,37,Female,0
5af95c78-247f-4d97-85fa-2d5cefe6171b,28,2023-05-11,4,late,52,Female,1
7bb8c2f1-1624-4318-a326-52e8a1ab17c0,13,2023-12-24,6,on-time,18,Male,1
d4864482-0078-4b12-8b73-50d13421beaf,24,2023-11-10,7,on-time,53,Female,0
01fda698-7646-47ca-9e65-736c72f774b1,58,2022-11-02,0,late,51,Male,0
fa92cd28-c4c5-46fb-9d4d-11804c6e6fbb,41,2023-09-17,5,delayed,62,Female,0
27fe1b4b-9bf1-41d1-8b92-c2474d18c103,47,2023-04-11,3,delayed,33,Female,0
17b18e6e-78af-458e-8058-a332b4cfafa8,49,2023-10-25,6,on-time,54,Female,0
3b7c1f9a-f5fe-4a5e-8295-3f517f67ee1a,48,2023-07-13,7,delayed,69,Male,0
a1cf0d1d-47b3-4f41-a7c2-1355c3121af6,11,2022-06-02,7,on-time,45,Female,1
ab2212c9-e23b-480e-8523-dbbb1eeed219,17,2022-06-17,6,late,57,Female,0
86ae9d5c-65ff-4adc-81ae-f3f700109824,20,2024-04-07,0,late,18,Female,0
71d04b0f-656f-47e6-b5c0-3f6f94e4cc44,49,2022-08-04,6,late,45,Female,0
488cac4e-5a94-44b8-80aa-ec7abf1df687,38,2024-03-23,7,late,54,Male,1
322f1499-e8a5-4f31-ac2c-10d0c15648ff,21,2023-08-22,0,late,48,Male,0
cad00273-1209-41ea-8913-508715d38ca9,6,2022-12-06,9,late,41,Male,0
1e415c4e-5703-4ede-889c-8ae24e3c0f2d,13,2023-07-02,1,delayed,52,Female,0
eb83af16-e404-4808-bfc1-8c00dc0520a4,21,2023-12-29,0,late,43,Male,1
dc66a27b-6a32-4333-916e-8a6429deb984,27,2022-12-28,10,on-time,56,Male,1
92f078b8-2269-4227-8513-d91e48622a67,56,2023-06-27,4,delayed,21,Male,0
1af55c26-8808-4ebc-b5d4-cd35a08c3a00,58,2023-04-01,2,late,63,Male,0
674610eb-8b27-4c29-a274-c0d7f4a5cc36,53,2023-12-13,8,delayed,65,Female,0
47534952-c9c5-4ef1-a76f-8a76c74f11cd,23,2022-12-30,9,on-time,23,Male,1
a0f9c074-9177-46d4-9f2e-9167713eceb1,13,2022-09-01,4,late,62,Female,1
1eda4209-b270-4f55-9f90-78d52835bcdb,34,2023-03-09,7,on-time,66,Female,0
23b870f3-77cb-4a27-974f-dedc66b62087,3,2023-07-25,10,delayed,29,Male,1
a1d20ebc-5aa3-492a-8c88-b9d8ab12fb53,53,2023-05-19,1,on-time,59,Female,0
7a0a02ba-37cf-4025-aa44-7a90be0a5a56,52,2023-05-31,7,delayed,28,Female,0
7e22e1b7-5178-4032-8066-b49bb1d792a0,31,2023-10-05,8,on-time,52,Male,1
4cd8ef24-71a8-49c6-8f6a-b75bf55b2e5c,1,2022-09-04,1,on-time,45,Female,1
e32866d3-0d6a-48b0-beda-9ab9bec60ffe,22,2023-09-11,6,delayed,41,Male,0
78b61daf-5afb-4565-868a-3c383739076a,21,2023-03-16,0,on-time,64,Male,0
d8a230de-0296-4326-be2d-9d1de377b008,22,2023-06-30,9,on-time,20,Female,0
ddfae808-afd8-4432-9103-5083fa999f9b,45,2022-07-19,4,late,21,Male,1
ecb3d561-bdf0-4015-b305-ee95afb120f4,59,2023-10-18,1,late,21,Female,1
0a8aa1e4-5c7c-4c62-81a4-f7a165264961,39,2022-08-15,9,late,61,Female,1
453432cd-ffeb-4d5f-80f5-20f49ef1c846,27,2024-03-25,2,on-time,47,Female,0
ba2338fe-4ae3-42f3-b31e-9be8a3ef802e,25,2024-04-15,1,late,24,Male,0
92a651d7-c069-4542-a403-97213a082921,23,2022-12-26,0,on-time,43,Male,1
75fd3537-6f1b-4d07-9aff-71ae30f2c485,30,2023-11-24,8,delayed,62,Female,1
54a8762b-2b12-492c-a256-5a955487b5c3,6,2023-04-09,0,delayed,43,Female,0
6f6ddf79-affe-4554-a5ae-f699a5e3a719,42,2022-09-08,8,on-time,70,Male,1
25c29b6a-b575-4c6e-aee8-4bcb7281b8a9,23,2023-06-28,1,late,20,Male,1
e90f79f8-3578-4f66-a114-c2d650ea1324,3,2022-10-09,0,late,39,Male,0
fbc59e92-ca12-49ad-9963-05b371b221e4,11,2023-03-15,2,on-time,58,Male,1
63b8a897-7df0-4e6b-8e8d-75f26d62e40c,2,2023-12-04,7,delayed,61,Female,0
707421d4-3239-404b-8bab-5b51385c5fdc,15,2024-05-16,3,delayed,36,Female,0
0cbf404d-b5c2-4d42-9626-d8c4344af454,16,2024-04-19,5,on-time,28,Female,1
a217cf25-3be9-4767-8884-fd16636abf8c,24,2022-07-21,9,on-time,42,Male,0
0e96ed9b-5d15-4e44-afcf-3b87defa7864,60,2023-12-15,9,on-time,61,Female,0
3baa17f9-2c62-4ac3-ad70-27cfa358cb1d,10,2023-09-03,0,on-time,70,Female,0
b475e15e-162d-4c72-9ccd-3e1f4c2abdaa,3,2024-03-21,0,on-time,54,Male,0
c57c7998-48d0-42be-8061-c99b831a352a,44,2024-03-28,6,on-time,44,Female,1
7552c6e8-6953-4115-9a62-ddc4e2091f49,46,2022-06-27,3,on-time,41,Male,1
aa66b464-8420-48d9-b261-d0d2a1c2d9bf,5,2023-10-02,2,late,54,Female,0
bc02ba67-ee04-4dde-8c14-1838f46860a2,28,2024-05-11,6,on-time,48,Female,0
7d7de1f5-7460-420d-94b9-cdb56e3c18c9,59,2022-11-30,6,on-time,59,Female,1
56525ce0-3725-4d0c-b9c4-5c38b440ffe0,59,2022-12-09,9,on-time,34,Female,1
29b10823-0d74-4256-8b36-f3cd0acfeba4,35,2023-02-12,0,delayed,57,Female,0
01d34690-a795-4c54-8a30-f7cd00fdec23,18,2022-09-03,0,delayed,38,Female,0
ae358290-6d80-4b08-8963-d148104dff66,35,2022-11-05,0,on-time,63,Female,0
8ec9ea98-6581-4934-9bcf-b1c4f87e3560,50,2024-05-01,6,delayed,43,Female,0
56e9b78d-315e-4080-b425-f4e93891aef5,46,2023-09-01,7,delayed,47,Male,0
15eb3a3d-e201-4a45-9b3a-0c891a32e148,22,2024-01-24,7,late,28,Female,0
74aba9fc-8930-4179-92ab-793f51abf5e5,60,2024-04-09,5,late,27,Female,1
85a1282a-0761-485b-8168-705a533c9a31,41,2022-06-20,8,on-time,30,Female,0
35a7c6ed-1482-4a89-9e63-64c630ac79dd,47,2024-03-22,9,late,36,Female,0
d658b1b3-3012-4e1c-9882-e3bb864696c1,19,2022-10-20,8,late,20,Female,1
bc5074ac-baa1-42ac-ac33-f6444053b188,25,2023-01-06,3,late,26,Male,0
6279d944-dc28-47c6-8453-98134fee7144,40,2022-11-30,5,on-time,19,Female,1
b6651d6e-df39-4caa-980c-79fc7b69e690,30,2022-11-19,1,delayed,63,Male,1
8d4e2753-ef26-45b7-8e49-df560b648acd,35,2022-07-12,8,on-time,28,Male,0
b97fb3bb-7ecc-440c-b5ff-93f0025b7c5f,11,2023-04-22,3,on-time,51,Male,1
6980b561-cf1a-4cc1-aaca-38110c26e5d9,23,2023-06-04,9,delayed,36,Female,0
15eae9d2-1e3d-49d0-b0aa-f52575e417dd,52,2022-07-19,6,late,28,Female,1
c3f3f74d-d386-4b58-9946-65d33dbba3af,35,2022-09-13,2,late,65,Female,0
36a5be06-eb52-4e01-a25e-651269fcbef0,57,2023-04-24,6,late,42,Female,1
6d4ba69c-d169-43f2-93bf-a9fe9cdd9f6c,27,2023-07-25,6,on-time,61,Male,0
64fc0dba-d44f-45e7-a2f8-8051c13c6688,1,2022-06-16,9,delayed,58,Male,0
7d718591-3fee-4fc7-ae2d-ffdff57b8a92,39,2022-11-03,10,delayed,50,Male,1
476c4878-deff-4d7a-9728-525620ca35ab,45,2024-05-11,9,on-time,42,Male,0
6f51ea78-fea2-433a-91d1-1bcd5a23754b,1,2022-08-08,1,late,70,Female,1
9c2e5562-4916-4844-a64d-dd918e9b185e,7,2023-07-11,10,late,41,Female,1
4bf0ae53-b608-4c97-b380-dcfcc9fe6036,52,2024-01-10,3,on-time,53,Male,0
764ab510-9acb-4588-8397-d4127118bb71,2,2023-07-07,10,on-time,51,Female,0
3b56735e-45c5-46d4-82d0-1ba3a2652c9e,29,2022-05-29,10,late,34,Male,0
b63f83c6-c893-49e9-9d68-3a9e1e651ac1,59,2022-08-01,6,on-time,46,Male,1
3fafa217-6a27-441f-bb9e-5a022c2df3c2,60,2022-11-02,1,delayed,55,Female,1
ff4533fe-bc6f-46ac-a139-d15d48d8b9ef,15,2023-10-11,8,late,20,Female,0
83e9973b-8918-4ba3-bdee-923101a6009e,18,2023-04-14,8,late,53,Female,1
627b585f-1f2d-4275-8cbd-c014dbedb42e,17,2023-09-30,2,on-time,52,Female,0
bcbe9a42-f89d-4fda-9e45-424145c190a8,20,2023-07-29,9,on-time,47,Male,0
b76fc5b2-acc5-42df-bac4-9efa5be12d09,31,2023-11-14,6,delayed,44,Male,1
38b80611-483c-4a4e-a91d-a2cd8bf06f64,31,2023-12-12,3,on-time,36,Male,1
1095e497-3d79-4f0b-a6cd-3595d4f0d65d,52,2023-06-23,1,on-time,60,Male,0
3bcd6aec-53ca-4c05-acb5-959f4eb98768,38,2023-03-02,8,on-time,18,Male,1
9501e917-496d-427b-baf2-f402a0e624f1,36,2022-09-27,9,late,63,Male,1
8d99743c-03f7-4a05-8f4b-b31523254d81,36,2023-06-13,5,late,24,Male,0
a2834536-95de-4d6e-9df2-e07353f04099,15,2022-06-05,7,late,35,Male,0
6544c97d-e078-4f97-a13c-121ccfdef303,32,2022-09-14,5,delayed,39,Male,0
fdc12930-82ae-452f-ad40-76bcf9cb2ee8,20,2022-07-15,9,late,32,Female,1
c80cb483-34dd-4624-83d9-b3b022b56be1,56,2024-04-26,2,on-time,36,Male,1
c46ac0d6-91ca-4f9e-bf2a-2e65c6596f7f,43,2023-11-08,5,late,42,Male,0
bb891746-3c3d-4911-b6a5-2df9f8247e70,26,2022-08-27,5,delayed,48,Male,1
62759469-c28d-4ad5-bbd3-147dd0f0c75d,41,2023-02-15,5,late,35,Female,1
a1057256-21ee-402e-974d-9d499bc69882,50,2023-06-08,4,on-time,48,Female,0
9db3466d-1ba6-4c61-aaf9-4919e69b7971,29,2024-02-23,2,late,33,Male,1
5bce228b-989b-4030-86c4-7b0606a8e22f,32,2023-05-31,3,on-time,61,Female,1
f568c9c6-033c-4469-8f06-ea1874a26444,30,2022-11-03,8,late,54,Male,1
a92d6b05-29bc-4ee9-a71b-80ef8e36b82f,33,2024-03-29,4,late,32,Female,0
bcc4616d-f40d-4a37-8f2a-21987ea496f5,6,2023-05-25,7,late,43,Male,1
d9082a42-b448-4761-905e-9c9b8bc88bcf,4,2022-07-17,9,on-time,44,Male,1
66dfeb1e-9ab3-4c27-a32f-8c5b425832c0,13,2023-11-14,5,on-time,25,Male,1
c90ded29-5100-4186-925a-b04930e9be17,2,2022-12-29,3,on-time,18,Female,0
356af737-0f26-40d2-b19b-43da6253dfe3,9,2022-06-15,1,delayed,56,Male,0
f631681e-bf40-4e04-b9f9-4ec650ae2652,48,2022-11-26,7,on-time,18,Female,0
ab1e6794-70f2-497a-9ceb-201357d9af8d,35,2023-12-01,2,on-time,32,Female,1
42965873-39d5-4552-a867-a0f0a8e6a772,31,2023-02-08,0,late,31,Female,0
045892c1-4e0e-45d3-a98e-9a79abecfc0b,40,2023-02-17,4,on-time,55,Female,1
bb78eb2d-0ee5-444d-8a1d-8b4292d6ff73,53,2023-09-18,5,delayed,47,Male,0
7db931ce-05a0-4421-9a79-b46a26b61b06,17,2023-09-16,1,delayed,24,Female,0
0b82b61c-3dd0-4866-8649-def50fb2de1e,45,2022-05-26,2,delayed,67,Male,1
53a081a6-a764-4989-b20e-8bda39cc6d88,14,2022-07-07,9,delayed,38,Male,1
f8db1a4d-584d-4c02-8ff9-d318d22a3a62,33,2023-10-14,8,on-time,53,Male,1
ec071cf1-e476-48ec-a2c7-1d046c32faff,8,2022-11-01,8,late,48,Male,1
5ba830dc-245d-46ca-af6a-219672ef7dce,36,2023-01-14,5,on-time,44,Female,1
ba626aee-542d-49c0-a629-d3322d4ba5a4,6,2024-01-16,9,delayed,39,Male,1
027752fe-61f6-4c6e-a89c-0559bf4fa4a3,16,2023-03-30,5,late,67,Female,0
8805ae31-88a0-4dce-8384-860ce413961f,29,2024-01-31,0,delayed,43,Female,0
b476998d-afc8-428a-bb0a-6a90bc52b34e,28,2023-05-11,3,late,48,Female,0
ebe7ef91-9092-4b69-8abc-847ec2537638,15,2022-08-20,7,late,41,Female,0
2bdb5720-63ea-407f-b436-498e68afe2b8,54,2022-05-19,8,delayed,23,Male,1
de6d2d7e-9f31-4acb-a362-dbc180245320,60,2023-10-13,8,delayed,61,Male,0
b3191702-bb80-498d-970d-a545839137a6,10,2022-09-09,5,on-time,39,Male,1
d7133061-3cc4-4772-947e-39181463c5f8,25,2024-02-19,10,on-time,44,Female,0
f22a4fc6-3f2d-48a8-ad20-481ad216ad53,11,2022-06-03,6,on-time,68,Female,0
2b395c4e-e575-4e93-8e74-9e8af4e1680b,47,2023-12-14,5,on-time,51,Female,0
8fb87c76-af04-4a8d-969d-b137c9a57cd1,41,2022-09-24,9,late,60,Male,1
ed7a6edf-6d5b-4d50-9417-d4f9b7c144fb,3,2024-03-18,3,late,56,Female,0
a0e77486-9ed9-4124-9a89-5c62990e8f01,1,2023-05-07,0,on-time,26,Male,1
9a1ab357-9d6c-44af-a66b-0d37b5c99b49,56,2022-06-17,10,delayed,32,Male,1
bcee9d29-ce4f-4ca0-971a-a4f640a21015,60,2023-12-07,10,delayed,36,Female,1
eeb3462c-a032-449d-86fa-fb60606375b8,44,2024-04-06,3,on-time,41,Female,1
5bbdd1f4-16f1-4aad-bf10-7645094c0230,26,2022-12-30,7,delayed,38,Female,0
3c740119-7547-44dd-a69b-6c3babf0f4bd,10,2023-06-15,3,on-time,66,Male,1
c0c32da9-bc49-458e-a98b-7e5d5b1654ad,30,2023-03-27,8,on-time,41,Male,0
7e083c1b-cda6-4326-8514-37d6566ff3ec,26,2023-03-17,3,on-time,44,Female,0
e689e5e8-87c4-4eb8-8f8e-3e0103c8e104,41,2022-12-26,0,delayed,26,Female,1
08f1100b-fa32-42c4-b80a-fabf8cea309b,25,2024-01-07,8,delayed,22,Male,1
432fb308-8d56-406d-920c-3de988239867,49,2024-05-11,0,on-time,44,Female,1
6522ff46-74b7-461c-89ce-15a8afd4fc7b,6,2023-11-28,0,on-time,57,Male,1
7efa2faf-58ba-4bf3-a75e-0c521eb95739,10,2022-06-25,7,late,25,Female,1
fee4e6bc-bd6d-4b92-85e6-95b1054b8816,57,2022-06-12,3,late,42,Female,0
94fe31a0-ae2e-45a4-ae44-04d74100e665,53,2023-11-13,9,late,23,Male,0
feb46b24-4a2e-4d41-addb-0263c6a2894d,21,2023-10-31,10,delayed,54,Female,0
877e5ea1-c339-43f2-b504-5f77c317c3d4,34,2023-06-21,7,late,38,Female,0
d59b148f-fa7b-4f5f-a2d5-9938571c9d78,8,2022-11-27,6,delayed,60,Male,0
fb52451d-90e7-41a1-9db1-dfdc357f0a64,57,2023-01-27,0,on-time,63,Female,0
ecadbb86-f16f-4487-b7f2-1e5cce0755e3,3,2022-11-21,10,late,34,Female,0
88644581-b857-4478-ac82-5818960da788,23,2023-10-28,4,late,57,Male,0
ea96abe6-299c-416b-9a75-83c0e02a35e9,22,2024-03-21,8,delayed,18,Male,1
d8a1a546-54a6-487c-a72e-aa36e642965c,53,2023-12-18,0,delayed,34,Female,0
d0fce922-95be-463b-8253-dc8cd1f0c570,23,2022-06-25,1,delayed,53,Female,0
583678ee-f3ca-4f64-a7fa-8b8a909b471c,17,2023-02-23,9,on-time,51,Male,0
52b04994-4b1d-49fd-a02e-bb764a8b77da,32,2023-06-05,0,delayed,68,Male,1
6e566274-99c7-4bea-a756-264dc8649f78,7,2022-09-26,8,delayed,31,Male,0
918ff358-2408-43c2-89d0-a7f400425fc6,26,2022-06-19,3,delayed,62,Female,1
edec31ef-5762-4626-a037-9089711fa10a,11,2022-05-24,4,delayed,40,Male,0
e8ef99e9-7afc-40cd-b8bc-6621f2d7fe55,30,2023-10-14,5,on-time,35,Male,0
41f2005b-c753-4df5-a9af-a87ad181d9bf,43,2023-12-18,5,late,63,Female,0
8c833848-11fb-456e-b00a-21879cb9f9aa,6,2024-05-13,9,on-time,36,Male,0
d48457df-f325-4f2d-8759-5b016c835975,46,2022-09-29,4,on-time,50,Female,1
a8ab29f1-1033-4310-ab7b-de99878f40ed,6,2023-09-25,6,delayed,52,Female,0
f110397a-1c2c-4a34-9466-5d45284b7bcd,6,2023-06-12,9,late,38,Male,1
9ae445e0-8b1d-42f8-8bf1-f93ca1d33772,16,2023-03-11,10,late,61,Female,0
4fb7c3bb-4408-404c-af44-6806c1378e75,2,2022-12-24,0,delayed,35,Male,1
fda834ea-c74d-425c-adbf-859c037d9752,21,2024-02-12,8,delayed,36,Male,0
4218ca25-f23d-4306-87ca-f779b7c97da8,55,2023-07-08,8,on-time,34,Male,1
fd768f63-5163-4e1d-8df7-a26786fadb0e,27,2023-02-06,4,delayed,32,Female,1
6e83a7b2-c857-48c3-b4a0-697630a31251,59,2024-01-21,8,late,46,Male,1
c0037457-0184-4803-9840-fccb2446ecee,24,2023-06-18,2,delayed,21,Male,1
b38e5adb-a93f-4902-88de-c9ab27c3e784,25,2024-05-03,0,on-time,23,Female,0
5c66a9bb-6257-4c5a-9033-74bfc81236e6,53,2023-05-12,2,on-time,46,Male,1
e994f3e6-8fc4-4dd3-894f-7d5af313c0b0,34,2023-04-01,6,on-time,51,Male,1
cddb2316-cc68-4d3f-9d37-da5ca2fc7fe3,19,2023-12-28,4,late,45,Female,0
5cba9be3-0404-44c0-a65a-3ae43a72017d,11,2023-07-01,8,late,30,Male,0
ae2562ca-2894-4b4c-b0fc-ccc6fb46ed39,15,2022-10-15,4,on-time,29,Female,0
b3390a6e-a0b8-4e45-9abe-c113a1832fdb,12,2023-06-07,3,delayed,44,Male,0
3fcb34fa-bc39-41b3-bb1d-867704e6748a,49,2023-08-03,8,on-time,55,Male,0
2f6570d7-4643-4705-bdf8-eeefe44a01f6,34,2023-12-26,4,delayed,65,Male,1
92b95731-13f2-4c86-ab83-f00fed2ee36f,51,2023-04-30,3,on-time,44,Male,1
731c877a-b6bc-42a2-be79-29653c9a9236,33,2024-03-17,6,on-time,42,Female,0
cf709452-ce8c-437e-a51c-0cdb824734df,9,2023-11-15,1,delayed,18,Male,0
2a1bc112-3033-4476-b53f-c3dd19b53b7f,48,2023-04-24,3,delayed,43,Female,1
6d3f4b37-ed90-41c1-90b2-e6e5ec6e61bd,27,2023-09-22,5,delayed,43,Female,0
40b000a4-4598-444b-b0bd-7405650dd400,58,2023-04-21,2,delayed,33,Male,0
5b2d81cc-c602-4d20-81fa-924ee1bccfb2,49,2023-09-02,0,delayed,69,Male,1
07b6e28f-4e98-4e25-9733-7a7c53e83663,16,2023-06-03,7,delayed,67,Male,1
33e9e55e-4024-42a3-8334-f55802cee581,1,2023-12-30,9,on-time,40,Female,1
c683ad33-6f84-4392-a2f9-dbb265dcac6c,54,2023-09-22,4,delayed,59,Female,0
b27516ea-63a6-4ae9-ac4e-bce0a02a1b21,2,2024-03-30,7,delayed,30,Female,1
771ec087-952b-4ee1-89d5-b64fd2928f4b,31,2023-02-16,4,late,26,Female,1
907d8532-2076-4932-919c-21edd47133e7,52,2023-11-19,5,late,58,Female,1
06389bd3-d26e-4eba-93ff-66444741ee56,38,2023-03-22,6,delayed,50,Female,0
22a5a421-858d-47da-abc1-6f6979460978,13,2022-06-18,6,on-time,34,Male,0
58f16c91-dd6d-47e4-90e0-172f14dc01bc,52,2023-02-21,9,delayed,66,Female,1
b7a02afd-30d6-463f-91c2-72d801267789,17,2022-08-11,6,late,47,Male,0
0b09ec41-789a-4829-8a66-3359abe0a177,17,2023-01-16,7,delayed,22,Male,0
f45aa79b-d855-4b35-9763-b159ed9a189a,39,2022-06-05,1,late,68,Male,0
2011bc8a-e7bf-4a96-a484-9eb55096ccf2,58,2023-12-31,2,delayed,29,Female,1
abbf66c7-680a-4e2a-866b-d06fa2b4d215,1,2022-09-04,10,delayed,19,Male,0
ddda17a3-6779-4e0d-a5c1-df67987d616d,54,2023-01-09,4,on-time,43,Female,1
201910c6-29b4-4664-8f52-361d82f1240d,55,2024-04-09,5,on-time,55,Female,0
b48f653e-7b1b-4b6b-a91e-70af224af354,45,2023-09-27,0,on-time,18,Female,1
0bf56ed8-b93c-4989-8399-fd7fb75db71e,48,2023-12-04,3,late,30,Female,0
d2d07223-0b20-4e0f-8505-0a17d2e1ed4d,51,2023-07-22,2,late,60,Male,1
a197b954-b283-4498-be80-793eb0f1bb1d,38,2023-03-13,10,on-time,18,Male,1
ccd66756-583e-46a4-ae22-fd39f31e2448,58,2023-08-15,9,on-time,59,Male,0
8f4ed442-14aa-4efe-9532-51c9d020baee,27,2022-09-29,4,late,58,Male,0
ccd9f2af-339c-4a75-83fd-46ffd03459a4,22,2022-12-05,2,late,60,Female,1
40fe6898-b56b-4357-b34d-c8b053f3c158,31,2024-01-14,9,late,35,Male,1
74dbcc40-ef7d-4e1a-8476-af98425de95f,52,2024-04-22,2,on-time,50,Female,1
72e6316e-e671-4ad2-81b5-468a27bb1580,39,2023-07-20,7,late,60,Male,1
95e38180-a1ee-491a-89e1-c3b0271f2772,50,2022-10-01,2,delayed,60,Male,0
e55e44b8-08a6-45b4-8321-0210a43c991d,54,2023-12-26,2,delayed,48,Female,0
1257363c-f25d-4b50-915b-598550eaa1d2,44,2022-10-13,6,late,35,Male,1
9c63765b-74e0-4bbb-8a80-33a7a5fd89c8,33,2022-11-18,8,on-time,18,Male,0
28cdc38a-85b3-43d3-b56b-6c0dcff0c8ac,50,2023-11-19,2,on-time,44,Female,1
2287401b-a7bb-4a76-a9a4-a856556b20fa,57,2023-05-22,0,late,58,Male,0
8b1f1137-0ea2-45e0-8e50-c79ac5826444,45,2022-07-20,6,delayed,55,Male,0
00a1402e-57e7-4f7b-8486-10cfd21276c2,14,2024-02-07,6,on-time,21,Female,0
6d7fe9b2-1a9e-4547-947a-08acc65d8e4e,36,2023-08-31,4,late,43,Male,1
55f7792a-739a-49e2-91fd-7d4a5a31a6a6,57,2024-02-23,8,on-time,53,Male,0
fcbc3229-5caf-4108-832c-9b7960c8e5a0,38,2024-02-29,2,on-time,54,Female,1
22d80170-1e6c-4d83-a2f6-2516dc88b09c,18,2023-01-18,4,on-time,43,Male,0
bbd743b3-2ebe-437d-85d1-56b6eceec38d,34,2022-08-22,1,on-time,58,Female,0
9b83acd5-e2cc-4dd8-967f-ec5e04ea581d,50,2022-10-14,2,delayed,26,Male,1
0fe1cedf-a538-4901-a9f1-2ccd0b4cba0a,1,2023-11-10,5,on-time,39,Male,0
e963544a-63b7-4101-8bf8-e26a4fae667b,24,2022-06-26,3,late,46,Female,1
b61b03e9-cb60-4efc-847e-330e99b702a2,31,2022-09-24,8,delayed,23,Male,1
ed469bf4-d5cf-4dc4-ab1c-3ba45b9e42d0,29,2022-07-16,6,late,52,Female,1
5adffd04-70d2-4718-8dd3-5d11688181a8,34,2023-08-29,1,on-time,27,Female,1
417df4f8-c1a7-4e00-9ec1-2fa2e6df12ce,10,2023-10-21,1,on-time,27,Male,1
cdc39412-d95e-47e1-900f-72f74f4b4ed5,42,2023-05-04,9,on-time,60,Male,1
74279656-07db-44e0-ae40-25346987b052,37,2024-01-30,4,late,60,Female,1
633d9c54-f304-49cc-b0c4-2d61439f4b86,38,2022-07-05,5,delayed,60,Female,1
06b42b6f-1f94-43c8-98a7-75945b8c4949,15,2023-02-13,8,on-time,64,Female,1
9db31510-675d-4855-ad55-90c905765983,22,2023-11-04,8,on-time,33,Male,1
52a33c33-037e-4725-a5a1-bdaea747795e,8,2023-05-06,5,late,67,Male,0
df254e5d-befa-4c47-8dd6-650fca6ef7ce,34,2023-11-07,8,on-time,20,Female,0
dba45b5e-1498-465b-b9fe-0a1b7efbe877,24,2022-06-26,2,late,35,Female,1
ca6d3e06-66e5-4767-9cb3-2e4a891dfa7b,49,2024-01-15,6,on-time,69,Male,1
071dade6-4322-45ee-aceb-9505dbc33e56,48,2023-10-02,5,delayed,69,Male,0
d39a4bb0-d62b-48d4-9880-fa4b840fbb0b,49,2022-07-18,7,delayed,60,Male,1
19365f61-f484-478d-9bc9-e8895567a84c,45,2023-05-18,4,delayed,55,Female,0
e8b7e2da-277e-4c18-8877-1fe6f7d870b6,59,2023-06-22,0,delayed,47,Male,1
f5b7751f-497e-48aa-8e03-a34da022dfee,21,2022-06-14,9,late,45,Male,1
28280370-5672-4bc7-a06e-8502002f9cc4,26,2023-07-16,3,late,42,Female,0
2cb38568-291a-48af-a59a-2b28b22b8974,14,2024-01-12,4,on-time,52,Female,1
ae09ccfb-a3de-481f-a8b2-99bcebbe1a41,16,2022-11-21,9,late,57,Male,1
9fed6060-ef23-44af-a0ff-58a5f172840f,16,2023-01-26,2,late,53,Male,0
f5657d00-7ba0-4f58-861a-e8d1f212cc6f,58,2024-04-05,7,late,31,Male,1
0b4ea16d-65ea-49d1-adae-7e45a036e74b,39,2022-11-08,3,delayed,69,Male,1
541d1a81-4815-442c-a2bb-62833d83ad7c,58,2022-09-26,3,late,42,Female,0
39ddc477-5a22-4eb2-bcf9-d1fef75a7e6f,23,2022-09-21,6,late,64,Male,0
5d005716-7680-491b-abb6-204ee0db22d3,13,2024-03-27,3,delayed,28,Female,0
909e7f78-62f2-4291-a353-d45590bccb66,17,2024-01-05,8,late,62,Female,1
956a2f20-ee28-4bb7-a982-100c03729e33,53,2022-05-21,5,delayed,65,Female,0
cd34bcd7-b7ed-45b4-a3d0-fccdafdb4e0b,56,2022-09-27,1,on-time,39,Male,1
06714938-04fe-473d-a61c-ec19fff83cec,40,2024-02-16,8,late,37,Female,1
09c64c1d-00f2-4603-8295-1fe052c553b5,24,2022-06-22,3,delayed,23,Male,0
92b035e0-1ca5-42f5-acf1-50e6c6f149c7,33,2023-09-03,0,delayed,55,Female,0
ac707464-2734-49bb-8740-525525cf51c4,58,2024-01-18,9,on-time,19,Male,0
6b325d48-06c4-4109-89a6-e611613f718d,53,2023-04-20,4,on-time,70,Female,0
553a773a-afb9-43a8-a9e7-e1ba916b51ee,50,2023-11-20,9,delayed,51,Male,1
5d30db82-2348-41b7-ac2b-5e213f7a38e0,19,2023-06-17,2,on-time,55,Male,0
12b34a24-667f-4eeb-8889-832c37773772,9,2022-08-25,3,late,49,Female,0
59c07423-a89f-4916-90ec-83746862dc24,48,2022-07-30,9,late,31,Male,0
3ee29e68-6fa0-4319-a54c-e0de6e797a92,58,2023-05-17,10,late,29,Male,0
65141471-ea95-4570-b99b-cb7961bafa39,23,2022-11-19,8,delayed,48,Male,1
eba08424-65a5-4c1f-bb2e-cfc5a53011a2,6,2023-08-11,9,delayed,35,Male,0
ff7acd86-409b-4c5b-95e8-b89c11ab249d,58,2022-12-17,2,on-time,65,Male,1
8ad6cc51-5f2e-4048-86ce-563de291f5e1,9,2022-06-02,2,late,52,Male,1
797c27bf-c793-4520-9c92-1e7f9aa1ecd6,15,2024-03-27,10,on-time,47,Female,1
9c684df1-0a51-4e87-86ba-68553cad275a,15,2023-01-21,10,delayed,64,Female,0
f6d080c4-6409-4f32-8c4e-66dade0989b9,7,2023-09-15,5,late,35,Female,1
da418b24-e0ac-49ff-88d3-281a1b4e1428,14,2022-06-23,4,delayed,43,Male,0
06dc1579-6476-40a1-b6a6-59ef24eac3f4,25,2024-01-03,1,delayed,59,Male,0
f9fb4010-dec7-42b7-bb22-fa316bc9e970,46,2023-03-18,7,on-time,45,Female,0
b693f4ef-1ad5-46c3-acb0-3f486ed63ea4,49,2023-05-09,2,delayed,22,Female,1
2b6b7b42-2950-4326-b644-d1839aabd22d,21,2023-02-05,6,delayed,21,Female,1
9717aa6e-28b4-45b9-a93d-993c796f9881,48,2024-04-29,6,delayed,26,Male,0
c30759a4-48a1-43ab-9d55-daaffefc5b4a,20,2023-06-12,9,late,51,Female,0
586d7f41-5e47-42a0-aef6-71391ccdd340,30,2022-09-04,3,late,23,Male,1
7901726f-c421-425a-9b8d-11baa0ec3e5a,8,2023-09-18,8,delayed,47,Male,0
3218efbf-0dcc-4bed-80e0-d55b84caa7c8,13,2024-03-28,3,on-time,24,Female,1
b934718f-2d49-4ca2-81f4-317df5141524,5,2023-08-13,8,on-time,51,Male,0
a2698c2d-614f-4ddc-8bc9-72ce531da6ac,32,2022-06-18,1,on-time,24,Male,0
08ef444a-6e63-4fa4-8d2a-d9744a863655,36,2023-10-28,9,delayed,58,Female,1
ba5612f7-600a-445e-84e1-b08c69199a8a,56,2022-10-25,10,late,61,Female,0
1c3c8d35-21d4-4b7e-a258-7c8958ccf9b4,23,2023-09-05,5,on-time,62,Male,0
6e3a52d7-07fe-4a4e-aa6f-1e475b61f92b,29,2023-08-07,3,delayed,61,Male,0
a45335cc-137f-4d2b-b6a9-33cf65fd5f69,10,2023-11-20,3,late,48,Male,1
c71d92d6-13ec-4718-ae4a-741ab5004950,54,2023-04-12,10,late,43,Female,1
2367ad9e-8dcd-4d64-b9e8-e4ee8b7f6d7a,57,2022-09-25,10,on-time,57,Male,1
3a6e8f12-2a1a-4e85-b51c-5aac2728ec95,24,2022-06-09,9,delayed,59,Male,0
7e3801af-d1a8-47b0-a2b3-ce34867a4ac9,56,2023-02-18,2,late,33,Male,1
bc6284a8-9f93-4802-a1c2-5cd1e65d1c73,19,2022-12-26,2,delayed,58,Female,0
af273f40-55cd-472e-8b10-cf68b7691470,8,2022-08-17,8,late,38,Male,1
dac7c336-ea04-4534-b679-6fd3cd74afec,58,2024-02-26,3,on-time,36,Female,1
430342c7-dcfb-4e0a-85fe-e48768ab9281,26,2024-04-14,0,on-time,46,Male,1
80665563-a0c3-4ce9-97ac-59f22887a3a9,41,2023-01-29,10,on-time,51,Male,1
e983cc1d-2503-4a3e-b1f5-d7d0887b4cca,23,2023-03-05,2,delayed,27,Female,1
8e33dcab-be68-4e2b-bd63-7b3afc0b1519,48,2023-01-09,3,on-time,28,Male,1
fe1c51e5-ea31-467a-a168-02053c0a94de,59,2023-03-07,8,late,29,Male,1
78a55d6b-f2de-400f-a3e8-695158b5f052,49,2023-06-18,7,delayed,23,Female,0
fef06b04-68fc-442a-b6f2-59264e60678b,7,2023-03-28,7,on-time,51,Male,0
f924e06a-aef5-4aef-9903-b45fd01cf935,56,2022-09-13,10,delayed,23,Female,1
9870c707-955f-4c33-8142-424925cc2478,48,2023-09-21,9,late,62,Female,0
e1a9344e-ef7f-4bc8-bb24-cba4b4577bf7,16,2023-06-22,10,on-time,61,Male,1
a5b91ee8-c77f-4b62-b264-89f71b58286c,42,2023-11-10,10,on-time,18,Male,0
9a66d48d-a4f0-49c2-9885-6c7f3475a526,46,2023-06-19,9,delayed,67,Male,0
bb5f15c1-b044-4ebb-8445-17ef1c769e1f,55,2023-09-06,9,delayed,29,Male,0
cb18d6a4-15db-4487-a038-03f32b2bcfda,18,2022-06-13,1,late,57,Female,1
5cb6f1f0-e475-4694-9d8a-c1a902af3382,38,2024-02-10,6,on-time,63,Male,0
1baf01f1-517f-407e-bb0f-78c1b8f35c26,53,2023-10-24,7,on-time,40,Female,1
b259a6a0-9591-4900-9e7c-faad73df770a,41,2022-11-30,6,late,19,Female,0
c6962905-cfe4-4b66-bc8d-5368aaa28439,14,2022-11-10,1,delayed,64,Male,0
8d37aebb-8fc7-47e3-a8b7-4f3dec3826bc,56,2024-02-18,8,on-time,46,Female,0
db3aefa6-c7d0-4862-93f3-6e53e5098f9a,49,2023-06-15,4,late,55,Male,1
06999e1e-2b02-437e-a2cd-159aebba80d2,46,2024-02-18,9,delayed,52,Female,0
e0efc989-2ab4-45e9-997d-2b38a4a98266,20,2023-06-22,1,late,59,Female,0
3544f189-a920-4633-9bb6-8cd268adc28f,52,2023-04-22,10,late,67,Female,0
439ddd74-67af-46d9-af04-ef81b5481bf2,24,2022-06-02,2,late,19,Female,1
636241c3-eb6e-49e0-a25f-545796625aa1,4,2022-09-27,10,late,50,Female,1
0dbc321b-90a0-4ee1-b0e2-ee61e29b24d7,40,2024-04-27,9,delayed,51,Male,0
1638325c-cd66-45d8-adf2-a72060032713,54,2023-09-29,0,late,24,Female,1
3bac2660-55a3-4129-a7ba-6b1a96954911,13,2023-06-14,7,late,34,Female,0
7add8fed-0a02-4a60-b49d-4601df983779,39,2023-09-10,7,late,29,Male,0
81eb88e5-d549-4aad-84c8-fd001a0ff218,22,2023-06-01,4,delayed,63,Male,0
79017990-64e3-42cf-a51d-e78b8d00b7b2,28,2022-12-09,4,late,57,Male,1
5d443821-8a7f-43ae-bad2-3fbf2e573864,27,2022-09-17,2,delayed,25,Male,1
d4e4004b-9bde-499d-9a28-6b7a4d6d99a6,49,2024-04-28,7,late,29,Female,1
f660ffd5-119f-41c4-b4f8-c57b24c582ca,55,2022-07-09,6,late,41,Male,0
f3fa8613-90ed-41f4-a4ab-a3f67a658abe,36,2023-03-31,7,on-time,24,Male,1
7b777bf2-43f9-4cbd-979d-221d8e5f37fa,42,2022-11-11,7,on-time,43,Male,1
241d3e27-4bf4-4e10-9c62-2f82d0813d92,4,2023-02-20,10,late,56,Male,1
a88f58c1-237d-4b90-981a-218ecfd64560,18,2024-03-18,8,on-time,53,Female,0
2305e6d3-aa61-453a-92b0-00780e8472a7,10,2023-08-15,0,on-time,39,Female,1
0876daaa-01ce-4fc6-b2d1-16fe8f08963c,55,2024-03-16,3,on-time,41,Female,1
c15dfcfc-b325-442c-8eeb-3fd86783b0c3,35,2023-08-27,2,late,43,Male,0
1b674518-b0bf-4f14-b6d0-66f27d874566,1,2024-05-09,1,late,64,Male,1
dfecb2ae-58e7-40bf-8f3e-64f479140a61,35,2024-01-12,1,delayed,67,Female,0
af8c96a9-18f7-4499-9f61-c53457d1d37c,7,2022-05-20,8,delayed,36,Male,0
d6ada066-7f6b-451b-ba05-c0b73ddf55b2,59,2023-01-13,1,delayed,28,Female,0
7ee1a2a3-024b-4e48-b980-71b14642cddb,11,2023-02-16,7,late,62,Male,1
ed3032ed-824c-4948-b474-b1a4f2684ee1,46,2023-02-05,9,on-time,53,Female,0
92dbd613-4e05-4eea-93d7-284617776c3a,8,2023-04-10,1,late,23,Female,0
f6aca9b4-5e14-4c30-bd2c-db8d39ebfa32,17,2023-03-09,6,on-time,47,Female,0
3b4c0730-253d-4737-8218-5e77dc58ea6a,28,2022-12-26,10,on-time,55,Female,0
c6b7e7cb-be0d-44ed-b306-1611ef96a214,19,2023-05-25,5,delayed,38,Female,1
5bf26ec8-c814-4d3c-a166-c6aba8f614bd,57,2022-12-22,4,late,35,Male,0
d4c667bb-211e-45c3-9cc7-53ad6264190f,57,2024-01-11,3,late,38,Male,1
80109500-5ae5-4530-a6b4-8fc61e94eb4b,31,2024-03-21,9,delayed,36,Male,0
b594b706-a7fb-481e-ba88-a4ab78916712,7,2023-03-03,7,delayed,51,Male,0
6e927501-5bd7-4dc6-aa75-e34da1d53402,53,2022-12-18,6,delayed,56,Female,0
c46f5825-669f-41b9-b902-d6c05bf57279,3,2024-01-02,7,late,47,Female,1
ddd3e779-4879-496d-be38-f4ebb6e0eac2,1,2022-08-06,3,delayed,31,Male,1
1ee1723b-4a96-46a4-a752-41027acf6bcc,9,2023-04-28,10,on-time,64,Female,1
3e581dd5-eed1-4368-9811-6722277dfc7b,14,2023-12-15,1,late,19,Female,1
568d6f3e-f4b4-45aa-adfd-a2912fdb5c0d,48,2023-06-08,0,on-time,57,Female,1
6247b40d-ae5c-4b3d-9c27-50353a8be161,29,2023-03-14,8,delayed,36,Male,0
fae3fcee-7636-4fd9-8376-ffa876fe579f,6,2024-05-12,5,late,59,Female,1
d4188645-90de-4fba-bfb5-9512fa04a706,51,2023-09-09,10,delayed,66,Male,1
8091a21d-6637-409f-acf6-06fc387cdf02,32,2023-01-13,6,delayed,18,Female,1
849648e8-5084-440f-bb8f-5fc77c96eefa,44,2023-10-30,7,on-time,43,Female,1
51306e5c-78c5-4976-9786-72e8006b8fd6,46,2023-03-19,9,delayed,56,Female,1
d21dbc09-3a35-4442-b325-f875e4172ba3,36,2023-04-17,5,late,44,Male,1
c57842a9-934c-472a-8c72-fe13fbf28c1c,3,2022-06-17,6,late,46,Female,0
3346f7c6-4372-49fd-97ee-2fe6681091fe,44,2023-12-01,3,late,32,Female,0
2e4a6e78-1cf4-48ed-adb6-de2153a9ec5d,40,2024-01-26,5,on-time,29,Female,0
3bd5f8a2-073c-46ba-9d39-3bf9b2daa1f6,50,2022-06-19,1,on-time,56,Male,0
01275a63-88da-491b-a1f6-c8770212585b,42,2022-08-25,2,on-time,59,Female,1
9b1ae019-9aca-4c4a-924e-31041dd26234,12,2024-05-12,4,late,46,Female,0
bdb62ff3-14e1-4706-b309-a536e998952c,11,2023-05-14,7,on-time,24,Male,1
852d2ee5-0061-4d30-9907-3286329cd43a,53,2024-04-12,4,delayed,69,Female,1
111868f8-6a4a-4e0e-989a-95009f13d2fb,26,2023-07-08,0,delayed,70,Female,1
3a19607d-3bfb-455e-ad0d-04182d58bce9,49,2024-05-07,7,on-time,21,Female,0
ceb09220-7984-433f-a1c6-1ae46a594b07,60,2022-05-17,7,delayed,37,Male,1
f9df7275-6199-4015-b5c9-599f6f9179cf,57,2024-01-01,1,late,20,Male,0
44f20133-f45c-4840-9da2-83380a8bc856,24,2022-06-08,0,late,37,Male,0
5e12425c-b42f-4357-98d9-7f4a95331356,3,2024-02-18,9,on-time,27,Male,1
a408001f-7433-47f1-ad5b-9bb2565af699,42,2022-08-29,1,delayed,26,Male,0
40709bd4-1790-46b7-845c-21e7988d0e4a,51,2022-08-05,1,on-time,63,Male,0
062d7f7a-45da-41f3-9a7e-256db6ffe12c,13,2023-11-05,1,late,45,Male,0
a8aa7d13-c5a9-48d1-9eed-e43c24536074,31,2022-08-30,7,delayed,64,Male,0
f9d2b2de-92bb-4701-b503-c56e61002dbd,9,2023-10-11,5,delayed,45,Male,0
820d15c6-6bd1-4046-b39f-bb6951cd2c07,41,2023-06-09,8,on-time,64,Male,0
b170b1ed-1b04-4be3-8f41-d3e41eceb5e5,47,2024-04-23,6,late,51,Female,1
e4ad24e2-824d-4e96-9fe2-53b079801aaa,59,2023-04-29,4,on-time,54,Male,0
8c3af69e-7474-4f6f-adbd-b6e57844c2ac,39,2023-02-04,6,late,65,Female,1
60924d2b-4122-4d75-aa8d-3e8420fe652b,33,2022-07-17,5,on-time,18,Male,0
d1f15ee7-55e9-418e-8164-80fa90a2b8e1,17,2024-02-14,10,delayed,31,Male,0
3f9bbcfc-742c-4905-bbca-b3eadcff697d,8,2023-02-13,7,delayed,48,Male,1
69083bd6-ef61-4cac-8674-d2447b056d02,17,2022-06-04,2,on-time,29,Female,1
0189a5d9-e355-4369-b931-a26d726e8017,13,2023-07-20,10,on-time,50,Female,0
c67781b2-c3a3-4607-b565-2d0067a4eb26,41,2023-04-28,4,late,30,Male,0
40d2d16f-3db6-42f4-adf2-fc823956fba9,23,2023-05-22,6,on-time,35,Female,1
70df67b9-3a6f-46fa-a418-13ef799fde33,3,2022-12-23,10,late,32,Female,0
99755cb9-7c76-4592-a73e-3f3b5c27761d,49,2024-05-09,6,delayed,35,Male,1
d4e26a5b-f807-4dd9-a618-4c80edf6b1e0,3,2023-06-26,4,delayed,23,Female,1
4cc672fc-3006-4f85-966a-1a98af3b5a91,1,2024-05-10,10,late,32,Male,1
1f6ceec1-ac54-4740-a182-e35f848edc98,24,2022-07-01,8,delayed,25,Male,1
559de204-0964-4b31-97c2-747f27b51ee7,13,2024-03-22,9,delayed,55,Male,1
c408143f-290d-47e4-8e1f-40819f2d5db8,19,2024-04-15,10,on-time,34,Male,0
3008a519-ad83-4951-a3ea-a00577f63854,52,2023-04-01,9,on-time,39,Male,1
64119d38-2ae2-41c0-b12a-4c3c7f006257,15,2022-06-22,9,delayed,70,Male,0
c5ac7520-cd46-48fe-b2b7-2bd2c97be2af,42,2023-02-04,8,on-time,47,Female,1
d46e34aa-ae9d-4797-8284-e0bee33e270a,53,2023-06-25,5,late,25,Male,1
2ee66e21-53fb-4ed1-b953-4807300961c3,24,2023-06-24,2,late,32,Female,0
d9efbb41-b66b-4b0b-8af3-7d72ec4f4490,43,2023-08-21,3,delayed,65,Female,1
a22fc818-26f3-4244-af1d-5baf952b750d,49,2023-11-02,6,on-time,27,Female,1
a9c7ae92-e61b-4dc6-be52-5e4f9e203161,29,2023-08-03,10,delayed,31,Female,0
70fe3cfc-991a-4513-b69f-e284edc641cd,45,2022-06-11,2,delayed,18,Female,0
9a9dadd2-e7aa-4070-bcdd-b4cc3e332f35,7,2024-03-02,2,late,29,Female,1
3246b7d9-bb29-4639-8e4a-295d5153f737,34,2022-05-17,10,late,38,Female,1
3e2b6653-2258-4df3-8ff0-952a0b2591c4,30,2023-04-26,1,late,56,Female,1
3957f082-9c27-4c51-ac98-a368dfc8b87a,17,2023-10-12,4,late,56,Male,1
f7350626-dca8-46fd-9bea-f9cfaf3cb9d0,60,2023-12-26,10,delayed,50,Male,1
a54e6c8f-ecb3-477a-acef-5e55840658d1,18,2023-09-21,10,late,64,Male,0
aedab7b5-e2aa-45a7-8951-03edfd05a5f5,27,2023-02-03,8,on-time,69,Female,0
29c836e0-3130-4e46-af79-75467e5168dc,2,2023-03-02,7,delayed,69,Female,1
b7ae7758-5b45-4f5a-97de-701d8eafb323,36,2023-04-22,7,delayed,46,Female,0
a9c9a24e-fd72-4837-b05b-acc2640ca20c,52,2023-01-18,9,on-time,56,Female,0
113c1836-77f4-431b-bde9-d47dd89331ac,20,2022-09-07,6,on-time,32,Male,0
c06bad38-1d01-4478-8110-412c38431ed6,51,2022-09-14,9,late,58,Male,1
f361c497-64e0-4ab3-afb8-0c63f42f338f,21,2023-05-12,7,delayed,27,Female,1
e46232e7-35c3-4e95-8a64-7b9fb52f6009,32,2023-02-26,5,delayed,51,Male,0
67f8ab57-0572-4bb5-8bee-2ebdb44788bd,24,2022-10-25,8,late,43,Male,1
95e19cb6-698e-4cba-9a98-da57166adfc4,58,2023-08-02,2,delayed,26,Male,0
8a74bec5-6951-443e-8a6c-b87cdfb87708,60,2022-10-27,5,on-time,20,Male,1
fefd320b-f5ef-4a99-810f-5ddfa2251838,31,2023-10-18,1,delayed,51,Male,0
e80bb7eb-a499-49cf-87e5-1bbc22e9e671,41,2023-06-01,7,delayed,26,Female,0
8986148f-8b3e-40e7-a151-787e4f027fe8,20,2022-07-07,5,on-time,47,Female,0
bb00d206-f854-4953-9ad7-3702140a642e,22,2023-06-03,1,on-time,57,Male,1
6b5a174d-3436-4eaa-83ea-038fc095e099,43,2023-09-08,4,delayed,41,Male,0
156e3ae5-4fe4-4735-9c29-b6dac1d7fbe9,43,2023-12-16,7,late,43,Male,0
3d3703f8-cef9-40ce-8471-e21a05f2b928,27,2023-09-05,4,late,45,Female,1
968051b7-0723-4796-9d95-39fcf7cd0b75,10,2024-03-17,6,on-time,66,Female,0
2743e0df-5e15-428a-833c-f90ff555a628,18,2023-05-13,1,on-time,47,Female,1
72789d75-97f0-4fcf-9c35-1dc942260a44,19,2022-12-19,7,late,33,Male,1
38330558-fb23-43e7-96a2-c379e0c6a8a7,9,2023-03-10,5,on-time,49,Male,0
ed6a1bfc-81be-41f4-bef8-74d76251d74d,35,2023-02-04,9,delayed,46,Female,0
438dc8b1-9719-44f8-92fb-05ca3a724b9f,6,2024-05-12,10,late,28,Female,1
50c6fa8c-27a0-408c-8b44-361f16c7354a,43,2023-09-15,1,on-time,42,Female,1
10345193-7c2b-440d-9045-a445958cd60e,20,2023-06-30,5,on-time,30,Female,0
62b22fd5-51c6-42e4-af48-744f7abc9f0b,11,2023-12-04,8,on-time,48,Male,0
6f2af3b2-1dd9-4d4c-8637-fdcadf4630ad,46,2023-08-31,8,late,63,Male,0
22324672-f64e-4f4a-af89-c2e7aa170666,25,2023-12-29,1,late,47,Female,0
1e709e19-07f7-4ee0-a299-cb482449213a,46,2023-11-15,2,on-time,25,Male,0
a11b26b0-0823-4adf-bf75-12c56e05724d,54,2022-12-14,6,delayed,24,Female,0
5804a881-1d8c-4a3b-a261-479043a061c4,37,2022-12-29,9,on-time,31,Female,1
a31cc5d2-cd96-46a1-9dbd-c6ff5fad7a0d,58,2022-10-11,2,delayed,46,Female,1
8abb572c-8aae-4c3a-9312-24e0bebbe60d,41,2022-07-02,2,delayed,69,Female,1
03927935-8d5f-42c0-83f0-ba7756b8002a,58,2022-09-19,2,on-time,70,Male,0
059ebb2e-d1ca-4193-bed6-1f4ee8751766,41,2023-09-23,8,late,61,Female,0
233e3834-54e2-4ea6-8202-faf9dcebef56,22,2023-02-08,8,late,69,Female,1
9d0b6f5e-196d-462d-bec2-4805feeac13d,52,2023-07-26,0,on-time,40,Male,1
c20166e3-ca68-4a98-b48e-f9a86aeb5a32,15,2022-07-08,3,on-time,26,Female,1
854ca896-1aac-4ca1-920c-904e4063d525,7,2022-07-14,5,on-time,25,Female,0
20d5c16e-9611-49cf-bfbd-fd47dc7972f0,13,2023-05-28,3,delayed,53,Female,1
c82a6c15-d733-4669-852d-858508df6b19,56,2022-11-06,5,delayed,58,Female,1
d61a43f2-8ecb-4971-98c8-ece658ea0417,50,2023-11-17,4,on-time,57,Male,1
b1954990-2d5c-4415-bedc-b8f9378b094c,13,2023-10-14,8,delayed,63,Male,1
338f4acf-6627-4136-baeb-5bc0f63d307c,29,2023-09-01,2,on-time,21,Female,1
5931c9b4-7061-46ff-becb-a4c8b2c92c12,56,2022-09-16,6,late,56,Female,0
e5039055-f90b-4724-b883-a8ea44e8a604,22,2023-02-11,7,on-time,51,Male,1
da2e6e6c-8c1a-412b-bff9-9f34f94d9109,52,2022-10-19,2,on-time,23,Male,0
5050f32c-d406-4cce-b73a-13fb37503d77,49,2022-08-24,1,on-time,38,Female,0
c6b4195c-aa19-4f26-8fa4-1d2246ddb0ac,50,2024-01-04,1,delayed,21,Male,0
d1bfbaba-a908-423b-9551-f819001debf6,58,2023-01-26,5,late,59,Female,1
c833b07e-b4d5-4ffc-9f4a-518a4ef0ba9b,14,2023-01-23,6,delayed,20,Male,0
039d60ba-9c99-4735-95a6-52a708fce7af,57,2022-12-30,7,delayed,18,Female,0
b63c1dd8-2a9e-4a38-9d5a-474ccda840fd,50,2022-12-16,3,on-time,55,Male,1
8dff06d2-8340-4ed5-b38f-8437faa2cbad,49,2023-02-10,4,late,67,Female,1
6a2465cf-16c2-44aa-b2f7-8920dd7516f5,34,2023-06-11,6,late,39,Female,1
1f69cd43-68bf-4f7e-94dc-2301882ab925,29,2022-07-18,8,late,43,Female,1
ff283550-7684-4398-babb-c6b697f43de4,58,2023-01-23,4,delayed,18,Male,1
a0d9da58-3db4-4b81-8beb-cf4f2c94151d,49,2023-04-21,4,late,45,Male,0
080638c9-4967-49fb-b2e0-2961ac73189c,31,2022-06-03,3,on-time,57,Male,0
d87d3afc-a370-4e8a-821a-c45bd5e32aef,56,2022-12-12,4,delayed,50,Male,0
a94501d7-f9d0-4163-9ef1-274a13801f25,43,2023-01-15,7,on-time,48,Male,1
a74b3d20-8c3f-429f-ba4b-0bc65121f31f,12,2022-12-26,1,on-time,51,Male,0
3fb230b2-b55d-4442-8884-e6660c661a49,51,2024-03-06,1,delayed,26,Male,0
23d83f22-8440-4b37-b13b-ad4ee368f7d2,42,2022-12-04,5,late,24,Male,1
637c3644-c934-4ce7-8e5b-c44c98decbf6,32,2023-04-07,2,late,54,Male,0
40e3469f-39b6-4d71-951a-051847e77e2b,49,2023-01-14,9,delayed,46,Female,0
7d4fbfff-8865-4e42-8efe-73ece9184b9f,9,2024-04-06,6,on-time,65,Male,0
6c749cf4-1f75-40bc-b550-f22172e55360,12,2023-03-03,4,late,68,Female,0
3b239fd8-0d20-4686-854d-f9b62b66b1c0,29,2023-11-16,5,delayed,24,Male,1
07d5e121-623a-45ae-ba31-a27cced4dd7c,1,2022-11-18,0,on-time,39,Female,0
d3100ac5-1932-463c-8eec-95b014c30b50,52,2022-10-05,5,late,55,Male,1
700b1433-f5d6-4476-a0f1-2d46e775f27e,5,2022-05-28,7,delayed,49,Female,0
86861f29-5cb7-4bb9-80ff-34b4e4bd7d57,25,2023-04-03,0,late,39,Male,0
7ff5101d-3f1c-431b-86ff-76d11fe32b56,36,2022-12-21,4,late,18,Male,0
7881307d-6e77-4359-a77a-beb744bfc434,48,2023-11-09,8,delayed,39,Female,0
2a0b2040-0ef0-4b6f-ad48-79e7efd164ee,51,2023-11-18,6,late,47,Female,0
5b7801ea-8634-4347-9aa6-b26ae30d04fd,26,2022-10-21,0,late,69,Male,0
cc869dea-38a7-4c54-a6b1-caba3fccb2c1,52,2023-01-05,4,late,37,Male,1
8d3ac4b9-2fb0-4074-a532-3fd3c9f35bf8,52,2022-11-27,7,on-time,56,Female,0
3b8ddd5b-2e66-4ecb-86f9-f4e68b4eb003,27,2024-03-18,0,late,29,Male,0
ecdd001e-6ad8-464d-b8c5-ee78d214f218,27,2024-04-02,8,late,70,Male,1
3e4c1362-2826-4f27-b190-cb53b489f5c7,53,2023-12-26,5,on-time,62,Female,0
d5511e14-e18d-49ce-a0fa-5cd38f5a5ade,53,2023-08-11,1,on-time,33,Male,0
3f79dd31-beb7-48d6-ab02-1118ae63ad3a,31,2023-06-28,10,on-time,19,Female,1
cc713ba6-4ca4-4e01-8621-8f7ffcd4fb19,17,2024-03-20,5,delayed,34,Female,0
bdf2b5a1-b57a-4c03-8b85-eda6db0198ff,20,2022-06-02,7,late,32,Female,0
e7a2d2d0-ca3c-4050-b5fc-1b10b8d13539,34,2024-03-05,9,delayed,43,Female,0
2af595a3-697b-4538-8ff7-3f2533251c76,37,2023-03-08,5,late,69,Male,0
6282c33d-3665-46a5-a34d-a412816a5ea8,47,2023-07-05,4,on-time,69,Male,1
207417e7-1a60-4f0d-be41-32ad86b0915a,48,2024-03-11,6,on-time,37,Female,0
e62ce6a3-02fb-4d7c-8866-2aba16018cc6,56,2024-02-16,6,on-time,60,Male,0
f6292535-02b3-4be2-94ed-05bde4d08ebe,60,2023-12-18,6,late,23,Male,0
65578e91-bee5-464d-be37-355efbdc678a,35,2023-05-01,1,on-time,38,Female,0
69967b5c-fc14-4cfe-869a-1289ac91c01e,50,2023-02-09,2,on-time,67,Male,1
b9e7f780-421c-4262-a573-9938a96e2bf4,50,2022-07-15,4,on-time,52,Male,1
96062930-2860-4311-8315-d334e47c98ea,5,2022-11-21,0,delayed,21,Male,0
0b9bcb7e-dba6-40f1-b5bb-cdb0bda31488,32,2023-12-29,10,on-time,51,Female,0
cf21ae6a-82e2-4424-8dbc-ad25daace3a3,10,2022-07-08,5,delayed,69,Male,1
735b3a80-3fbd-4eed-b23d-c8f5b17078ee,42,2023-11-19,4,delayed,68,Male,1
a9584453-c2ea-4172-a5a1-5243c7281f15,1,2022-08-29,9,late,40,Male,1
827acd0d-e150-43b0-a07a-eb89998df20b,18,2022-12-27,5,on-time,37,Male,1
59e8484c-25d2-43e3-992e-7dea03743263,3,2023-10-16,0,delayed,56,Female,0
f6b4160b-d466-4772-9df5-672b5ba48aa0,28,2023-01-02,3,late,54,Female,1
40e5e8fa-b033-4368-a443-a7378072b635,53,2022-08-28,0,on-time,62,Female,0
bbef627f-ce91-40c9-babd-224105c2b105,42,2024-05-12,0,delayed,20,Male,0
9bcae27d-3319-48eb-9afd-518dd55f0e0e,26,2023-03-21,6,delayed,29,Male,0
70bc3ec1-4d29-477a-b939-10e656e16c2b,2,2022-09-02,0,late,43,Female,0
f0041e32-4bc0-4de3-9197-b56179b68b95,54,2024-02-04,6,on-time,60,Female,1
59581c94-54f5-4df7-a9bf-79f4b3739067,34,2024-03-09,3,delayed,69,Female,0
6557338d-6175-416a-9a64-2c24a34acc3e,44,2023-08-09,0,late,49,Male,0
80635ef2-e534-48bb-b20e-d71966b9b21b,22,2023-01-03,7,delayed,29,Male,0
9090d244-c1d4-4db0-909b-f39cacb1691c,3,2024-03-02,3,on-time,36,Female,1
3765002d-6e6b-4eba-b055-d84e3c38bfd6,47,2022-12-08,4,on-time,29,Female,1
23e86d63-8278-41e5-aadb-6a6783add758,4,2024-02-03,6,on-time,66,Female,0
e669d6b6-c1af-476b-8473-3c8898ecdbc6,51,2023-07-04,6,on-time,44,Female,0
d610de6d-819d-49b4-a949-2308c710fab3,36,2024-02-17,10,late,57,Female,0
577aa515-eac5-43ff-b9d1-b233a5c07ecf,42,2022-12-04,9,delayed,32,Male,1
e807092d-74ca-4c56-8d39-03626ef4d6b4,32,2023-10-04,3,delayed,64,Male,0
bac114b5-ca19-45a8-8d5a-2ad386d77094,10,2022-10-14,2,late,19,Female,0
b0fde8c9-7575-417c-81ca-37f5f7de1a61,9,2022-07-09,9,delayed,51,Male,1
1a6c3c25-98e1-4bc0-b385-89c704ade7b7,17,2024-03-11,0,late,26,Male,0
f17a7c84-cb3d-4ee7-ba9f-941a41a064be,46,2022-05-17,7,delayed,57,Female,1
f0862962-3771-4867-9fa2-e52bd35169bc,56,2024-04-11,0,on-time,55,Female,0
e83f3278-2c70-4901-9e3f-4f152f5c5cbe,22,2023-10-12,10,on-time,62,Female,1
44864d26-cfd0-4276-9c01-7e5d5c41dfb5,24,2022-05-23,4,on-time,34,Male,1
0438b3d4-a81b-4fe3-bda4-8455acac00dc,19,2022-06-02,3,late,32,Male,0
2adfd824-edae-4c39-aa9e-062a9b89bf0d,13,2024-02-21,10,late,25,Female,0
d273dcbe-f65a-4a2a-8f76-8aacdec22e0c,23,2022-11-16,6,on-time,52,Male,1
bd03c81f-7ff3-4029-92bd-db3b649ec503,44,2023-02-23,1,late,69,Male,1
9502e1d5-167a-4089-9ace-cdbfdbb59fc2,48,2023-04-17,1,on-time,50,Female,1
0654f465-b311-49c4-9d86-fd12c8359b91,12,2024-01-03,2,on-time,36,Female,0
881d0ee1-9808-4cf3-83a7-69aa2c14af79,32,2022-12-14,4,on-time,52,Male,0
dedff24b-3567-4813-bd05-bc2c5a505a98,31,2024-05-01,3,late,45,Female,1
2f39c045-51bb-41c1-b262-0328624aadae,60,2024-01-24,1,on-time,47,Female,0
26b18865-a878-4876-bf0d-f2ca2dc6c2ac,5,2023-09-04,7,late,67,Female,1
9638a3c7-685e-406b-8171-31eb9766c143,53,2023-09-16,9,late,48,Male,1
3a0879fb-dc78-43b3-a919-b5aaf0c99bea,3,2024-04-19,6,delayed,69,Male,1
e5bcd7ed-6fa6-4010-8ddd-49b700b425aa,38,2023-08-29,2,on-time,66,Male,1
a5f3aa63-a5cb-4d9f-a579-49170806989a,15,2024-05-08,4,delayed,24,Female,1
6b58996c-15d0-4b43-80a1-717622b34047,35,2023-01-13,0,delayed,21,Female,1
a0536c6c-ea87-43d2-a208-47d854ed1b3b,34,2024-05-05,5,on-time,67,Male,0
b6e4d16e-3066-4cc9-9e7f-0271d38b8f29,42,2022-07-03,10,on-time,25,Male,1
50ed6af2-235f-4be1-b8b5-5fb556d1079c,23,2023-10-09,7,delayed,33,Female,0
fa2225d7-7c6d-4ae1-863e-4336bf3cfe56,60,2023-05-25,9,delayed,29,Female,0
4502d7f8-54a1-496c-a9ab-fb0d9be57401,49,2024-04-11,10,on-time,39,Male,0
cddd03bb-756a-413d-93f1-484aa55dc720,33,2023-12-24,5,delayed,33,Male,0
832e9e1e-1b90-4d6d-a5e6-190b28da2b89,48,2022-12-04,10,late,51,Female,1
9ba66e98-6791-40e0-b6fe-ce9a8f15c995,22,2023-04-29,9,on-time,31,Male,1
9b83a437-28b7-405b-abc2-ded76bd8e65f,17,2024-05-03,8,delayed,39,Male,1
afaf2b68-205b-49e7-842b-43fa6b4de9de,17,2023-10-09,1,late,69,Male,0
c99d5f9e-c634-4ffd-b02d-d043d01acef6,43,2022-08-12,1,late,63,Female,1
d6b6b5d0-1c87-484d-85fa-8ac995a37efe,17,2022-10-08,7,on-time,39,Female,0
4b511edb-7b76-4615-b6b1-465dbf2b6442,53,2023-11-01,5,delayed,41,Female,1
c3ac232c-af40-4e52-999a-1949ba9d82b8,13,2023-04-12,0,late,58,Female,1
1c52d51e-c8fe-4b2d-86b0-163043215bf4,51,2023-09-22,9,on-time,52,Male,1
89386b90-d341-4532-8252-f7235b0eec4b,2,2024-01-29,6,on-time,23,Male,0
9b9a9bf5-0a78-491f-8211-550313218ef7,43,2022-05-28,8,late,30,Female,0
23746ddd-f410-4d94-8689-f37bf94523fe,37,2024-04-06,1,on-time,60,Female,1
c8a86e3a-6293-4980-a879-5e631f742e70,42,2023-05-25,10,delayed,58,Female,0
a1c56342-5033-45a4-86ec-9ad0e2cbef40,5,2024-02-12,7,late,58,Female,0
645cc176-b3f1-45d0-95c7-a82023f3e5ae,11,2023-09-29,7,on-time,28,Male,0
39a11816-fc7a-4d95-bfdf-8a9e9446d493,37,2022-06-23,10,on-time,23,Female,0
eb6b96ec-ea3a-4bf3-a994-6c6d3590a2e5,43,2024-04-16,3,on-time,49,Female,1
c83235cc-995d-467b-8c13-33ce07117e78,37,2023-03-23,5,delayed,59,Female,1
b40eb501-bb2c-4c42-8f6d-c11721eaa1fa,60,2023-01-02,9,delayed,70,Male,0
fa4f4535-e45d-4903-a79b-cce2681d30de,9,2024-02-23,3,on-time,24,Male,0
be216476-0e05-46b9-8bdd-4b9dfc2cd5c7,3,2024-02-25,9,delayed,23,Female,1
25394778-8ada-4689-a0dd-054172189a39,42,2023-07-26,7,late,18,Female,0
a4ed017b-208a-488e-a6e4-ac85f10185fd,9,2022-10-25,9,late,53,Female,1
d4ae3486-2b19-4984-b49e-b5a696ab64d2,39,2022-07-25,8,on-time,47,Male,1
44933c86-49ad-4e95-b837-e5069398dbd6,17,2022-11-29,8,delayed,37,Male,1
024d65de-af44-4aeb-a734-162f362da540,37,2024-03-18,4,delayed,50,Female,1
860215be-0d32-4347-9cbc-d86ea2e86f7a,29,2024-01-08,1,delayed,70,Female,1
02a007fc-e04e-443c-91f6-3e9bc7361a75,45,2023-09-25,1,delayed,45,Female,0
240eb6c1-c5cf-455f-a78d-b4f648df480e,52,2024-02-22,1,delayed,39,Male,0
f0344058-2274-40da-81de-9808c2ff347b,37,2022-08-13,10,delayed,18,Male,0
bd8744d8-01a5-4ef1-950c-54d4f4098aef,20,2024-02-13,7,on-time,51,Male,1
548c3ec4-2536-4ca8-966a-45e952c51809,48,2023-08-09,3,late,50,Female,1
5f7e07d3-160d-4b9e-9004-d975c045883b,13,2022-10-24,6,delayed,46,Female,1
aeaaec48-54f1-47a3-b378-e6ca40fd8aaa,22,2023-05-28,0,delayed,67,Female,0
1598734a-86c5-4c1b-8923-cba17874166b,22,2022-07-18,1,on-time,42,Female,1
c6cbb179-6239-430a-b052-5bb650c67350,53,2023-03-26,5,late,57,Male,0
6d05f2e3-8d20-4bea-bae3-98cf8ace37d3,36,2023-06-23,7,late,34,Female,0
24cb0b4e-3825-47e1-a80d-240312f378a1,6,2023-09-29,10,on-time,53,Male,1
82edc5ab-dfde-422d-9429-e0c9664ceba8,24,2023-01-15,5,late,21,Female,1
24a703e3-120a-402f-a11a-15c325efc3a9,12,2022-09-15,4,late,20,Female,1
90b15e3d-a500-4582-a250-e9f908d17e63,60,2022-08-15,4,delayed,58,Female,0
448236e9-863c-4992-916f-ebe7aa0cc327,53,2023-07-30,5,on-time,69,Female,0
aa648f16-f035-4088-9a2b-f7fe4d7e4449,23,2024-03-22,9,late,62,Female,1
976ae5fb-66f1-40a0-ba1a-262bba13834f,1,2024-02-08,7,on-time,33,Female,0
e79d4d5f-ab6f-49e7-be72-544851b5ab77,8,2023-09-12,10,on-time,42,Female,1
3b77ba5f-5860-46e3-832d-5e70777cd128,42,2024-01-10,9,on-time,38,Male,0
6245b749-b9a6-4dc1-899f-b91b808ea422,30,2024-01-14,4,on-time,62,Male,1
cae1367a-579e-4b08-9db1-3edffa29559d,7,2023-06-18,6,delayed,21,Female,0
13b2cc15-9309-4549-bff0-e57901c3df91,9,2023-05-21,0,on-time,34,Female,1
c43eebcc-6f69-4d69-9e34-9e311c67556d,52,2023-09-09,1,late,48,Female,1
84c85b95-0637-4a9e-8bb6-2aff3e6fdeb2,22,2023-06-15,3,on-time,65,Male,1
91e54b3a-0a4e-4eb7-b97b-8d621c9527d0,34,2023-02-19,0,delayed,70,Female,1
2e0885fc-5da2-4c06-b146-b0800a2cf6a9,3,2023-02-05,8,on-time,63,Male,0
c187715f-7baf-404d-bc6d-74a844ee5071,2,2024-04-26,8,late,27,Male,1
00556e42-6b49-4a3b-b26c-e972e1dafdd8,35,2024-02-06,7,late,29,Female,1
a7838837-3c74-4bc2-8504-644fa5dc7c7b,12,2023-10-07,0,late,61,Female,1
e31b9123-b9ab-408f-be2b-32727a37e212,41,2023-02-08,4,on-time,43,Male,0
d370c51f-d8e2-4a4c-8d84-344baef472a7,55,2024-01-16,10,on-time,26,Female,0
0b2f72ef-ec09-49b8-a924-b159b9c3a78f,2,2023-12-29,0,delayed,28,Male,0
a8936bd3-86a2-4efb-baf0-cf69bd2098c6,9,2024-05-06,2,delayed,29,Female,1
b202054f-62a1-4ce2-9545-de362a364435,2,2022-12-26,5,late,40,Male,0
7bd37c4b-948c-42c8-a0f2-4eb3af58e381,38,2022-10-29,0,late,67,Female,1
7448f798-b50a-476c-86fc-cff0e9e4f06c,6,2023-09-12,9,delayed,61,Female,1
abbebd4f-f9e5-40e4-936d-8076998b1e1c,5,2022-09-28,6,on-time,41,Female,0
9411723a-50b4-47eb-b111-f1d19c8fe812,14,2023-01-26,8,on-time,56,Male,0
c4fa9dd1-9160-4261-ae10-7e22fa7199d6,21,2024-03-19,9,delayed,53,Male,0
832cb6a7-24e2-413a-a0e5-bd8cdd7524bc,23,2023-04-15,4,late,34,Female,0
61880ea0-5e5e-4d0a-bcba-fcaa643580a0,26,2023-01-01,6,late,24,Female,0
f66b72a9-4142-452b-b61c-57ab3d992624,17,2022-11-20,2,late,46,Male,1
ed825ea8-dda9-402a-964f-bdde895585be,51,2024-04-03,5,late,60,Female,0
3cf87ff0-749d-41ff-b13a-90495f3fa533,27,2023-08-25,3,on-time,28,Female,1
257ea412-a215-4489-9fbd-4b9f56756682,43,2023-01-22,9,delayed,33,Male,1
c2862234-d815-40dc-a4d8-78a13e5aed83,9,2022-12-02,0,late,44,Male,0
b4642bad-8959-4298-ac48-1f988ce67bdc,25,2023-11-19,4,delayed,62,Male,1
ec023a99-e4c8-4a29-9d5f-9dfc98b0b4d7,1,2023-04-29,9,on-time,43,Female,1
2e7833c5-b11b-42df-b46e-ba317ad5af81,39,2023-08-26,6,late,43,Male,1
b5bcc583-3fc3-4af1-9af0-8b9a5ba1cdb6,12,2024-01-30,2,late,25,Female,0
e79d1be2-7f29-486c-8a73-0eaa16bb4fb0,37,2022-10-27,6,on-time,63,Male,1
8301c5b9-45ff-436b-a3c2-523d4b32bc86,2,2022-10-20,7,late,48,Female,0
50b91e51-681e-4658-9813-a70f5a9c60b5,20,2023-12-05,9,on-time,49,Male,1
f4e35152-312c-4434-8b17-7efd054f0566,14,2022-10-17,5,on-time,36,Female,0
d8ce8d9a-29de-476a-94ce-14b39a9a56bc,59,2023-07-23,0,on-time,68,Female,0
806094aa-4037-4ffa-94b8-317e75555ded,56,2022-12-26,4,delayed,58,Male,0
d05d2cb9-6b76-411f-bc87-65b6b04a2620,58,2023-01-16,6,delayed,70,Female,1
ef6ed981-be23-4d25-ac78-8719d9371f2a,58,2023-11-11,10,late,57,Male,0
0df099c5-62a7-4dc7-b273-38fcdfa69923,48,2024-03-17,9,late,60,Female,1
0f08502e-e47e-4d10-9d72-e0feea289858,20,2023-01-31,2,late,49,Female,1
4420e63b-c34d-4c64-a8e2-f201fbb22429,46,2023-09-06,9,on-time,68,Female,0
4f12b0d5-7028-4ab4-8f0c-417ab85f2ec4,45,2023-07-16,2,late,66,Female,0
ea8760aa-da4d-4a76-aa34-bfb4e62a3fb5,48,2023-05-26,6,on-time,51,Female,1
ad283c0d-f230-400a-b86b-01c05ffe6c11,7,2022-07-25,4,late,28,Male,0
f9422f1e-fed9-4f9e-9486-80deb9e789c6,20,2024-01-20,2,on-time,40,Male,0
fd6cc364-8191-4beb-975b-f448a0ce5b5f,4,2022-05-30,1,on-time,34,Female,1
835875c3-9520-49e4-a8fc-f210dac15a07,12,2023-01-29,0,late,54,Female,0
98bc2c7a-d112-460c-bba1-2642f4a8bcd3,27,2022-07-30,4,late,63,Female,0
052ba051-3c24-4ca5-9042-5d14e6b0643c,36,2022-06-18,8,on-time,19,Female,1
eee05fb7-d2d6-440d-9871-1121c9e8060c,39,2023-12-05,7,late,60,Male,0
968d4f41-d0d6-4fdd-976b-21014fe5143b,28,2024-03-22,6,delayed,23,Female,1
c5acc612-20de-4de4-b5b4-689664327fe8,57,2024-04-08,2,on-time,18,Male,1
ec1ac8a3-ed51-4a2b-b13a-2ff393658891,53,2023-09-03,5,on-time,41,Female,1
e195f855-dd4b-4f7e-b559-ddc787fde43c,35,2022-10-17,1,on-time,57,Male,0
e8a14cd3-28a3-438c-8ba4-d5e24718e12c,21,2022-10-06,10,delayed,43,Male,0
230c2ebd-39dc-4c06-b380-75439722bf90,57,2022-08-26,1,on-time,58,Female,0
7efa4e99-4204-4f8c-ba72-a669e03cc361,57,2024-01-19,6,delayed,62,Male,1
9dbff93f-bc03-4029-a530-53ae4db1762e,14,2022-12-13,5,on-time,24,Male,1
e5f14395-22e7-4e59-9414-7ca83455f1f6,16,2024-03-02,10,delayed,28,Male,1
f3c73944-f95c-46f7-a82e-4002a9f15f7c,28,2022-10-05,3,on-time,18,Female,1
0466ed6b-96ba-4500-9ed1-b80232e97761,46,2023-02-13,3,delayed,24,Female,1
ad982a08-7ad0-4668-a892-d63b89aeb616,17,2022-08-23,8,on-time,49,Male,0
45568d6d-bdc5-4588-90ab-9ea4c15f47ca,37,2022-07-19,10,on-time,34,Female,0
9e31e1f9-b30c-4272-b861-37c3e5ffc7d4,51,2024-03-09,0,on-time,38,Female,0
cab24a0a-477e-4817-9dd1-b251b0f62b9e,40,2023-08-25,4,on-time,33,Female,0
e4ed458b-010a-43f8-b877-87e2bc8a8038,7,2022-09-05,6,late,27,Female,0
93d5e33b-bd86-4312-b506-9af5d2ebe96b,9,2023-10-23,3,on-time,20,Male,1
253dc9ce-208d-449b-ab0e-fd0100dd28b3,31,2023-05-28,8,delayed,33,Female,0
51995cf1-80d9-424e-8a83-303889de7a2c,14,2022-11-03,9,on-time,39,Male,1
510d115a-74e5-4c68-aca5-f0cbab78a4ee,7,2023-10-14,7,late,30,Female,1
f0cc8eec-3b3f-4363-b14d-85bde1976c14,51,2023-10-03,7,on-time,69,Female,0
acdf3038-467c-4afa-bbe7-4e1ba3289b58,39,2023-11-17,3,delayed,43,Female,1
7d7a0bfa-598c-4a5c-99b2-b59530519f6a,17,2022-12-14,6,on-time,26,Female,0
f812b022-96b0-4e29-89e4-b9df5a45a717,52,2022-12-22,3,delayed,40,Female,0
6478a399-8d68-4a61-8926-2a1337c67f46,20,2022-07-06,7,on-time,43,Male,1
f444adae-1d21-4e7c-a025-2b8d2cd9f51a,38,2023-08-18,5,on-time,41,Male,1
845414a1-185f-4df3-a6d5-eb2ee891f80c,60,2024-03-09,0,delayed,68,Male,0
eafd080b-dec8-433f-b738-88a42373624b,4,2024-04-26,6,delayed,37,Female,1
42f81126-6c2c-40a7-a4e9-031675f80092,42,2024-04-12,0,delayed,42,Male,1
c2e8fae2-31f0-4150-8941-9b16bbca76e0,18,2024-01-21,0,late,20,Male,1
43db0235-1184-48fb-bd33-5a642d79f3f6,42,2023-04-24,10,delayed,25,Male,0
830a2393-604c-43ca-93b9-a632f9675221,54,2022-06-25,9,delayed,20,Male,1
63d85381-dcd2-4168-9547-5c92582592e1,53,2023-12-09,4,on-time,24,Male,0
2038c8f6-8cb1-4015-a24a-ff3db8d08f28,56,2024-01-06,2,delayed,33,Male,1
91b92f8b-8a84-4529-b662-f7edb5b85fb3,59,2022-09-12,9,late,43,Male,0
9de0103a-4e2e-4c6e-88e7-a744a7f3c30f,34,2023-04-26,8,late,22,Male,0
fd14f9d4-9351-4969-82eb-badc8428d344,26,2023-04-05,10,late,22,Male,0
64348207-3415-44cc-b7fd-7fd135cb60f2,56,2022-07-24,1,on-time,45,Female,1
1f217475-66f0-4769-8909-c1ba18fa5472,17,2023-06-14,9,on-time,53,Male,1
a7484ffb-bfd9-4e84-b770-ca8dac69c006,10,2022-09-24,7,delayed,54,Male,0
3d9f3e80-3ba6-4577-b396-454308439ba1,57,2022-07-29,4,late,55,Female,1
11d56acf-680f-45e2-a0c3-6cdd9937f592,39,2024-04-05,6,late,67,Male,0
86901942-366e-4cca-8c47-9390d41cc2bc,20,2022-10-18,8,delayed,33,Female,1
3103d904-1742-4bd0-bde5-b4a337ef373e,16,2024-05-04,8,late,35,Female,1
21566d5e-8361-4006-9981-f0d4dbf9a793,21,2023-08-28,5,on-time,24,Female,1
851143e5-93aa-4480-8cdc-538931ffba99,13,2023-09-25,1,on-time,44,Male,1
6518020a-99cb-47c7-ae7f-bad29efb00b7,14,2024-03-18,6,late,33,Female,1
ac331b92-4318-4f26-a9b7-4954a41a5d31,26,2024-01-28,1,delayed,48,Female,0
9a553472-a15b-44ad-a3da-4c9478a9a43b,11,2024-01-19,10,on-time,69,Female,1
faf3d90e-586a-4302-99cd-83d907647513,1,2024-01-04,6,late,30,Male,0
a4fd9204-b3b9-484e-b4b6-5ceec9d4e1bb,51,2022-06-12,0,late,45,Female,1
371a2390-70c7-42d0-b295-ba69f9873b5e,52,2023-06-23,6,on-time,35,Female,0
01cbd9c2-d35f-481e-b648-431fae9e8d03,59,2022-09-05,1,on-time,27,Male,0
17668e8a-78ca-410e-b428-63563c91e458,58,2023-08-29,5,late,26,Female,1
4a3eacf0-a622-453d-95ff-789446ac3201,16,2023-03-17,10,on-time,35,Male,0
efe1633c-b87c-4dd3-bcee-7fb1543c41b5,16,2023-10-14,2,on-time,63,Male,1
e095bbfd-4c26-42d8-b6ea-f241e5b3a67b,18,2023-10-20,4,delayed,51,Male,1
d39dd7ca-1fde-46c1-9d41-a10b16b3d17d,30,2023-06-06,9,delayed,28,Male,0
a7713b3c-9f11-4a42-9cd3-a7955edd9aae,42,2022-07-24,0,delayed,43,Female,0
68cbaa9e-22d7-4fab-9c78-6e743ae7ab54,56,2024-05-01,5,on-time,61,Female,0
0490642f-db5b-401f-bd75-489ae1289e96,17,2023-05-28,6,on-time,45,Female,1
d836ba33-8467-46ce-a4db-ac94486cf4d6,11,2023-09-20,3,delayed,25,Male,0
25454e29-ad5a-410c-bd3c-cd615ec2abf6,41,2022-08-14,8,late,38,Female,0
aef82d2e-51f8-4e44-924b-ba5b82042c0b,48,2023-11-30,9,on-time,38,Female,0
cfa71765-e757-455d-9c07-d046135981c7,57,2024-02-29,9,delayed,69,Male,0
4b91cbe8-fea4-4a6a-b342-3b60310dfbf4,30,2023-06-26,0,late,40,Female,1
b9c4abb6-a6a9-4aab-ac81-1d57b2835bff,58,2023-12-10,2,on-time,63,Male,0
248988cf-0915-43be-a50f-137560fc01e2,28,2023-04-24,3,late,56,Male,0
a9452a96-a123-4c72-89ac-e04913bd01ae,15,2022-09-14,0,delayed,67,Female,1
9a347cda-d481-4f7f-b022-b8f186d6c424,30,2023-06-01,9,late,35,Female,1
260aeef2-95dd-44bd-a7c4-bf8d59949066,9,2024-03-27,1,delayed,46,Male,0
bdb63f32-43ce-4809-adec-9a4692976e6c,10,2022-10-28,2,late,44,Male,1
23a8eb6e-2864-420e-b118-ac101de4ead3,47,2023-04-24,5,delayed,40,Female,0
6c7f40f8-8946-452d-9953-5d1dea839861,34,2024-05-13,1,delayed,44,Male,1
4c8349bc-09ce-40ea-96ca-df412df1fe3f,30,2023-12-20,1,delayed,24,Female,0
aeb59644-15d5-4b49-92a9-7177785ecebc,25,2023-02-25,2,late,53,Male,1
19db1d7b-1938-4096-ad3d-ffdfa5bb2389,28,2023-06-04,4,late,27,Male,1
07b52a8b-0af0-4e69-853a-91353ee2151b,35,2024-03-15,5,delayed,30,Male,0
96df541f-cdd5-42a0-aeff-988bb5eca796,29,2022-07-23,10,delayed,44,Male,0
bcb43dc9-4292-4754-924c-c9b877350617,47,2023-08-15,3,late,53,Male,1
cb020672-8fff-4a1a-b3e5-2b1541c14dc0,4,2023-03-05,8,late,62,Female,1
1f3994bc-a013-455e-bcd2-aad82997e899,9,2023-10-26,0,on-time,57,Female,0
ba4e199c-f2b8-4d15-94c7-cd9ad28d65a1,29,2024-01-12,4,on-time,20,Female,1
7f25943c-f463-4a81-a8ec-7c65848d77e3,36,2023-10-04,0,delayed,28,Male,1
035e4eb9-3e41-4a28-a0c7-bb90eef7133a,27,2022-11-08,3,late,67,Female,1
acc08d98-99df-42f5-b4fb-f35024bf2792,37,2024-01-02,2,delayed,23,Female,0
a3073280-dd3a-40f8-a4ee-198edf302d42,43,2022-09-13,0,late,66,Female,1
d23a817d-cf86-488e-8361-570dd925bbaa,22,2023-08-19,3,delayed,63,Male,0
1b08fdc1-1162-4e26-ad64-584a9ee08eef,51,2022-12-20,7,on-time,31,Female,0
77c3f04f-9f7a-46b8-8500-00a118700fd5,56,2023-08-08,2,late,32,Male,0
6b7b2370-940c-4324-820a-746ac7b2595e,15,2022-06-18,6,late,45,Male,0
d3d779d5-2430-4b87-9322-439ab54faf70,40,2023-05-02,4,delayed,69,Female,0
410223b4-5536-412a-98d7-76da0f013f4e,37,2023-09-23,3,late,49,Female,0
05ad18a9-e7d3-4bcc-a3f6-ed2d68652c4d,40,2023-01-02,10,delayed,40,Male,1
c6b1b41f-3659-433f-bdea-f9a0a724dc8f,24,2022-07-25,3,delayed,55,Male,0
3f739143-24dc-4a5a-b888-cb6597b19d4f,23,2024-03-24,10,late,30,Female,1
51d670bd-73f6-4b09-b687-12c085dc1819,48,2024-03-26,1,on-time,22,Female,0
6bbb961d-401f-4134-83e5-382702bc0550,32,2023-08-09,3,late,70,Female,1
211149a5-faaa-422c-8c37-2aad84eefe22,11,2023-11-20,2,on-time,51,Female,0
